-- Adminer 4.1.0 MySQL dump

SET NAMES utf8;
SET time_zone = '+00:00';
SET foreign_key_checks = 0;
SET sql_mode = 'NO_AUTO_VALUE_ON_ZERO';

DROP TABLE IF EXISTS `tblcustomers`;
CREATE TABLE `tblcustomers` (
  `cust_id` int(5) NOT NULL,
  `customer_name` varchar(20) COLLATE utf8_slovak_ci NOT NULL,
  `customer_short_details` tinytext CHARACTER SET utf8 NOT NULL,
  `customer_url` varchar(100) COLLATE utf8_slovak_ci NOT NULL,
  `customer_status` varchar(10) COLLATE utf8_slovak_ci NOT NULL,
  PRIMARY KEY (`cust_id`)
) ENGINE=InnoDB DEFAULT CHARSET=utf8 COLLATE=utf8_slovak_ci;

INSERT INTO `tblcustomers` (`cust_id`, `customer_name`, `customer_short_details`, `customer_url`, `customer_status`) VALUES
(0,	'myself',	'zakaznik urceny pre moje sukromne data',	'',	'active'),
(1,	'Betafence',	'',	'',	'active'),
(2,	'TRADEKA',	'',	'',	'active'),
(3,	'Luvata',	'Finish customer',	'',	'active'),
(4,	'Gasunie',	'',	'',	'inactive'),
(5,	'REXAM',	'',	'',	'active'),
(6,	'KPMG',	'',	'',	'active'),
(7,	'MITELLI',	'',	'',	'active'),
(8,	'Sunrise',	'',	'',	'active'),
(9,	'HUS',	'',	'http://www.hus.fi/Sivut/default.aspx',	'active'),
(10,	'OTAVA',	'',	'',	'active'),
(11,	'Portigon',	'',	'',	'active'),
(12,	'Record Bank',	'',	'',	'inactive'),
(13,	'FIM',	'',	'',	'inactive'),
(14,	'Henkel',	'',	'',	'inactive'),
(15,	'PPU-FI',	'',	'',	'active'),
(16,	'METROVACESA',	'',	'',	'active'),
(17,	'HP',	'',	'',	'active'),
(18,	'ING',	'',	'',	'active'),
(19,	'FORMIN',	'',	'',	'active'),
(20,	'ELISA',	'',	'',	'active'),
(21,	'NACAB',	'',	'',	'inactive'),
(22,	'Sara Lee',	'',	'',	'inactive'),
(23,	'Norske Skog',	'',	'',	'inactive'),
(24,	'Syngenta',	'',	'',	'active');

DROP TABLE IF EXISTS `tblcustomer_contacts`;
CREATE TABLE `tblcustomer_contacts` (
  `contact_id` int(5) NOT NULL AUTO_INCREMENT,
  `cust_id` int(5) NOT NULL,
  `first_name` varchar(20) COLLATE utf8_slovak_ci DEFAULT NULL,
  `last_name` varchar(30) COLLATE utf8_slovak_ci DEFAULT NULL,
  `role` varchar(10) COLLATE utf8_slovak_ci DEFAULT NULL,
  `active` int(1) DEFAULT NULL,
  `description` text COLLATE utf8_slovak_ci,
  `date_created` date NOT NULL,
  PRIMARY KEY (`contact_id`)
) ENGINE=InnoDB DEFAULT CHARSET=utf8 COLLATE=utf8_slovak_ci;

INSERT INTO `tblcustomer_contacts` (`contact_id`, `cust_id`, `first_name`, `last_name`, `role`, `active`, `description`, `date_created`) VALUES
(1,	17,	'Tomas',	'Misura',	NULL,	1,	'testovaci uzivatel',	'2014-05-02'),
(3,	17,	'Birgit',	'Schreiner',	NULL,	1,	'',	'2014-05-03');

DROP TABLE IF EXISTS `tblcustomer_contacts_type`;
CREATE TABLE `tblcustomer_contacts_type` (
  `contact_id` int(5) NOT NULL,
  `contact_type_id` int(1) NOT NULL,
  `value` varchar(200) COLLATE utf8_slovak_ci NOT NULL,
  KEY `contact_id` (`contact_id`),
  CONSTRAINT `tblcustomer_contacts_type_ibfk_1` FOREIGN KEY (`contact_id`) REFERENCES `tblcustomer_contacts` (`contact_id`)
) ENGINE=InnoDB DEFAULT CHARSET=utf8 COLLATE=utf8_slovak_ci;


DROP TABLE IF EXISTS `tblcustomer_events`;
CREATE TABLE `tblcustomer_events` (
  `event_id` int(11) NOT NULL AUTO_INCREMENT,
  `cust_id` int(5) NOT NULL,
  `event_title` varchar(100) COLLATE utf8_slovak_ci NOT NULL,
  `event_description` text COLLATE utf8_slovak_ci,
  `is_meeting` int(1) DEFAULT NULL,
  `event_date` date NOT NULL,
  `start_event_date` date NOT NULL,
  `end_event_date` date NOT NULL,
  `start_event_time` varchar(5) COLLATE utf8_slovak_ci DEFAULT NULL,
  `end_event_time` varchar(5) COLLATE utf8_slovak_ci DEFAULT NULL,
  `event_created` datetime NOT NULL,
  PRIMARY KEY (`event_id`),
  KEY `cust_id` (`cust_id`)
) ENGINE=InnoDB DEFAULT CHARSET=utf8 COLLATE=utf8_slovak_ci;

INSERT INTO `tblcustomer_events` (`event_id`, `cust_id`, `event_title`, `event_description`, `is_meeting`, `event_date`, `start_event_date`, `end_event_date`, `start_event_time`, `end_event_time`, `event_created`) VALUES
(1,	11,	'ATIS refresh server and DB RTPA',	'Hello,\r\n\r\nHere is our daily call for the status of the server and DB RTPA (duss1501 and duss1502).\r\n\r\nthanks and kind regards,\r\n     Sarah',	1,	'2014-03-18',	'2014-03-18',	'2014-03-18',	NULL,	NULL,	'2014-03-17 17:44:10'),
(2,	11,	'ATIS refresh server and DB RTPA',	'Hello,\r\n\r\nHere is our daily call for the status of the server and DB RTPA (duss1501 and duss1502).\r\n\r\nthanks and kind regards,\r\n     Sarah',	1,	'2014-03-17',	'2014-03-17',	'2014-03-17',	NULL,	NULL,	'2014-03-17 19:03:48'),
(3,	11,	'ATIS refresh server and DB RTPA',	'Hello,\r\n\r\nHere is our daily call for the status of the server and DB RTPA (duss1501 and duss1502).\r\n\r\nthanks and kind regards,\r\n     Sarah',	1,	'2014-03-19',	'2014-03-19',	'2014-03-19',	NULL,	NULL,	'2014-03-17 19:04:26'),
(4,	11,	'ATIS refresh server and DB RTPA',	'Hello,\r\n\r\nHere is our daily call for the status of the server and DB RTPA (duss1501 and duss1502).\r\n\r\nthanks and kind regards,\r\n     Sarah',	1,	'2014-03-20',	'2014-03-20',	'2014-03-20',	NULL,	NULL,	'2014-03-17 19:05:25'),
(5,	11,	'Oracle patching',	'',	0,	'2014-03-18',	'2014-03-18',	'2014-03-18',	NULL,	NULL,	'2014-03-17 19:26:27'),
(6,	11,	'ATIS migration',	'',	0,	'2014-03-22',	'2014-03-22',	'2014-03-22',	NULL,	NULL,	'2014-03-17 19:30:16'),
(7,	15,	'Finnish ECS PC - Project team meeting',	'',	1,	'2014-03-24',	'2014-03-24',	'2014-03-24',	NULL,	NULL,	'2014-03-17 21:13:47'),
(8,	11,	'Patching 1st group of the servers',	'',	0,	'2014-03-19',	'2014-03-19',	'2014-03-19',	NULL,	NULL,	'2014-03-17 22:32:46'),
(9,	11,	'Bi-Weekly DL-Meeting Portigon ',	'',	1,	'2014-03-23',	'2014-03-23',	'2014-03-23',	NULL,	NULL,	'2014-03-17 22:34:21'),
(10,	11,	'Internal team meeting',	'interny meeting',	0,	'2014-03-26',	'2014-03-26',	'2014-03-26',	NULL,	NULL,	'2014-03-26 12:55:46'),
(11,	11,	'GSA: Oracle patching - PSU January 2014 - Prod databases',	'E2-C00106182 ',	0,	'2014-03-29',	'2014-03-29',	'2014-03-29',	NULL,	NULL,	'2014-03-29 09:58:17'),
(12,	11,	'service review',	'',	1,	'2014-03-31',	'2014-03-31',	'2014-03-31',	NULL,	NULL,	'2014-03-29 10:28:56'),
(14,	9,	'patching of Biztalk Test environment',	'',	0,	'2014-03-29',	'2014-03-29',	'2014-03-29',	NULL,	NULL,	'2014-03-29 14:07:46'),
(15,	11,	'migracia applikacie to FI-TS',	'Helaba is planning for the Easter weekend the Migration of the monetary transaction applications to FI-TS.\r\nFor that reason Helaba needs on-call duties for the servers dusu0216 und dusu0217, indeed for the server and also for the Oracle-Instances.\r\n\r\nOn-Call duty Service Timeframe has been planned for:\r\nFriday, 18.04.14 08:00 - 20:00 Uhr\r\nSathurday, 19.04.14 08:00 - 20:00 Uhr\r\n',	0,	'2014-04-18',	'2014-04-18',	'2014-04-18',	NULL,	NULL,	'2014-04-09 09:50:28'),
(16,	3,	'AST',	'',	1,	'2014-04-22',	'2014-04-22',	'2014-04-22',	NULL,	NULL,	'2014-04-22 08:17:29'),
(17,	15,	'Finnish ECS PC - Project team meeting',	'',	1,	'2014-04-22',	'2014-04-22',	'2014-04-22',	NULL,	NULL,	'2014-04-22 08:18:15'),
(18,	11,	'Status ICS rollout ;   Status of monthly ICS result check',	'',	1,	'2014-04-22',	'2014-04-22',	'2014-04-22',	NULL,	NULL,	'2014-04-22 08:19:02'),
(19,	11,	'Bi-Weekly DL-Meeting Portigon',	'',	1,	'2014-04-23',	'2014-04-23',	'2014-04-23',	NULL,	NULL,	'2014-04-22 08:21:17'),
(21,	11,	'CAB Meeting / Portigon Account - HP Internal',	'',	1,	'2014-04-23',	'2014-04-23',	'2014-04-23',	NULL,	NULL,	'2014-04-22 08:29:32'),
(22,	11,	'DR at Portigon, London',	'',	0,	'2014-05-10',	'2014-05-10',	'2014-05-10',	NULL,	NULL,	'2014-04-22 09:22:18'),
(23,	11,	'ICS rollout review',	'',	1,	'2014-04-24',	'2014-04-24',	'2014-04-24',	NULL,	NULL,	'2014-04-24 14:48:28'),
(24,	11,	'Bi-Weekly DL-Meeting Portigon',	'',	1,	'2014-04-30',	'2014-04-30',	'2014-04-30',	NULL,	NULL,	'2014-04-28 09:19:19'),
(25,	17,	'EeTime workshop - how to',	'',	1,	'2014-04-28',	'2014-04-28',	'2014-04-28',	NULL,	NULL,	'2014-04-28 09:19:40'),
(26,	11,	'Weekly Operational Calls',	'',	1,	'2014-04-28',	'2014-04-28',	'2014-04-28',	NULL,	NULL,	'2014-04-28 09:19:57'),
(27,	11,	'Weekly Operational Calls',	'',	1,	'2014-01-05',	'2014-01-05',	'2014-01-05',	NULL,	NULL,	'2014-04-28 09:20:36'),
(28,	9,	'BIZTALK 2010 husbtsdb15t rebuild',	'Rebuild will continue tomorrow at HUS. Antti will go there in the morning and they will start at 08:00 Finnish time.\r\n\r\nDo you have the local administrator password of new Husbtsdb15t? I cannot login with the one in ESL.\r\n\r\n1)	Now it is needed to take full backup of the server before tomorrow morning.\r\n\r\nSystemstatebackup that Milan took 4th April has been moved from Husbtsdb14t\\c\\temp to Helmeias222v\\d\\biztalk2010.\r\n\r\n2)	 First step tomorrow is to revoke failed Husbtsdb15t from the cluster and add the rebuilt node back to cluster. \r\nWho will take care of this? It could be done today also.\r\n',	0,	'2014-04-29',	'2014-04-29',	'2014-04-29',	NULL,	NULL,	'2014-04-28 14:55:37'),
(29,	11,	'E2-C00118266',	'GSA: SQL 2008 R2 Cumulative update on server dusv0239_HP internal',	0,	'2014-05-04',	'2014-05-04',	'2014-05-04',	NULL,	NULL,	'2014-05-02 09:20:26'),
(30,	11,	'E2-IM002266488 ',	' Portigon: Performace Issues on duss1501/dusc1500 - ATIS Mcafee reinstall & reboot',	0,	'2014-05-02',	'2014-05-02',	'2014-05-02',	NULL,	NULL,	'2014-05-02 09:21:27'),
(31,	17,	'F2F s milom',	'',	1,	'2014-05-05',	'2014-05-05',	'2014-05-05',	NULL,	NULL,	'2014-05-05 12:26:42'),
(32,	3,	'[Luvata] - CIM IR review meeting - System vandcld1.ld.local is possibly down - E-IM012704795',	'',	1,	'2014-05-07',	'2014-05-07',	'2014-05-07',	NULL,	NULL,	'2014-05-07 12:49:23'),
(33,	11,	'CAB Meeting / Portigon Account - HP Internal',	'',	1,	'2014-05-07',	'2014-05-07',	'2014-05-07',	NULL,	NULL,	'2014-05-07 12:49:42'),
(34,	11,	'Internal DB meeting',	'',	1,	'2014-05-07',	'2014-05-07',	'2014-05-07',	NULL,	NULL,	'2014-05-07 12:50:38'),
(35,	11,	'PORTIGON ACCOUNT COFFEETALK',	'Dear all,\r\n\r\nThis is your chance to catch the most recent news on Portigon.\r\nYou may well remember what we included in our coffee talk December 2013, so here’s the vital update. \r\nJust one glance: We signed BlueStar.\r\n',	1,	'2014-05-13',	'2014-05-13',	'2014-05-13',	NULL,	NULL,	'2014-05-13 15:13:32'),
(36,	11,	'Project Services - SW Services & Portfolio Team Meeting',	'',	1,	'2014-05-12',	'2014-05-12',	'2014-05-12',	NULL,	NULL,	'2014-05-13 15:14:28'),
(37,	9,	'maintenance of biztalk 2010',	'',	0,	'2014-05-27',	'2014-05-27',	'2014-05-27',	NULL,	NULL,	'2014-05-16 09:44:01'),
(38,	11,	'Portigon Workshop',	'',	1,	'2014-05-26',	'2014-05-26',	'2014-05-26',	NULL,	NULL,	'2014-05-26 09:11:25'),
(39,	9,	'Shell Dedicated Managed Private Cloud Project',	'',	0,	'2014-06-25',	'2014-06-25',	'2014-06-26',	NULL,	NULL,	'2014-06-02 09:45:19'),
(40,	17,	'Shell Dedicated Managed Private Cloud Project',	'',	0,	'2014-06-26',	'2014-06-25',	'2014-06-26',	NULL,	NULL,	'2014-06-02 09:45:35'),
(47,	0,	'vacation',	'',	0,	'2014-06-16',	'2014-06-16',	'2014-06-20',	NULL,	NULL,	'2014-06-04 19:51:48'),
(48,	0,	'vacation',	'',	0,	'2014-06-17',	'2014-06-16',	'2014-06-20',	NULL,	NULL,	'2014-06-04 19:51:48'),
(49,	0,	'vacation',	'',	0,	'2014-06-18',	'2014-06-16',	'2014-06-20',	NULL,	NULL,	'2014-06-04 19:51:48'),
(50,	0,	'vacation',	'',	0,	'2014-06-19',	'2014-06-16',	'2014-06-20',	NULL,	NULL,	'2014-06-04 19:51:48'),
(51,	0,	'vacation',	'',	0,	'2014-06-20',	'2014-06-16',	'2014-06-20',	NULL,	NULL,	'2014-06-04 19:51:48'),
(54,	9,	'test event',	'',	1,	'2014-06-12',	'2014-06-12',	'2014-06-12',	NULL,	NULL,	'2014-06-12 14:58:05'),
(55,	0,	'dovolenka',	'',	0,	'2014-06-13',	'2014-06-13',	'2014-06-13',	NULL,	NULL,	'2014-06-13 16:14:55'),
(56,	11,	'Service review',	'',	0,	'2014-06-23',	'2014-06-23',	'2014-06-23',	NULL,	NULL,	'2014-06-18 11:13:03'),
(57,	11,	'Service review',	'',	1,	'2014-06-26',	'2014-06-26',	'2014-06-26',	NULL,	NULL,	'2014-06-18 11:13:27'),
(58,	11,	'Service review',	'',	1,	'2014-06-30',	'2014-06-30',	'2014-06-30',	NULL,	NULL,	'2014-06-30 08:38:35'),
(59,	17,	'Project Services - SW Services & Portfolio Team Meeting',	'',	1,	'2014-06-30',	'2014-06-30',	'2014-06-30',	NULL,	NULL,	'2014-06-30 08:39:56'),
(60,	15,	'Finnish ECS PC - Project team meeting',	'All,\r\nTeam meeting for Finnish ECS PC project.\r\n\r\nConference Code:	55 86 72 05 77\r\n\r\nHP Virtual Room participant keys\r\nPresenter key: https://www.rooms.hp.com/attend/default.aspx?key=RHB2KKFNSQ\r\nParticipant key: https://www.rooms.hp.com/attend/default.aspx?key=RP5QBDDLWZ\r\n',	1,	'2014-06-30',	'2014-06-30',	'2014-06-30',	NULL,	NULL,	'2014-06-30 08:40:35'),
(61,	11,	'Bi-Weekly DL-Meeting Portigon',	'',	1,	'2014-07-02',	'2014-07-02',	'2014-07-02',	NULL,	NULL,	'2014-06-30 08:41:43'),
(62,	0,	'dovolenka',	'',	0,	'2014-07-04',	'2014-07-04',	'2014-07-04',	NULL,	NULL,	'2014-07-01 12:22:01'),
(67,	5,	'Discuss scheduled Swindon DC activities',	'',	1,	'2014-07-03',	'2014-07-03',	'2014-07-03',	NULL,	NULL,	'2014-07-02 23:48:14'),
(68,	11,	'Weekly Operational Calls',	'',	1,	'2014-07-03',	'2014-07-03',	'2014-07-03',	NULL,	NULL,	'2014-07-02 23:49:11'),
(69,	15,	'Finnish cloud implementation  - MS-SQL / testing ',	'',	1,	'2014-07-03',	'2014-07-03',	'2014-07-03',	NULL,	NULL,	'2014-07-02 23:50:26'),
(70,	17,	'Q2 FY14 Project Services Slovakia coffee talk',	'',	1,	'2014-07-03',	'2014-07-03',	'2014-07-03',	NULL,	NULL,	'2014-07-02 23:51:23'),
(71,	3,	'TDCH transition',	'1. Make offline and copy the following databases to location \"D:\\TDCH transition\" on server VANSQL10 \r\n\r\nValimo_test\r\nLimsa_test \r\n\r\n2. After the copy turn databases online \r\n3. Inform \"vesa-pekka.munnukka@luvata.com\" and \"jerry.ruuhilehto@vetokonsultit.fi\" \r\n\r\n',	0,	'2014-07-17',	'2014-07-17',	'2014-07-17',	NULL,	NULL,	'2014-07-15 14:37:35'),
(72,	3,	'TDCH transition',	'1. Make offline and copy the following databases to location \"D:\\TDCH transition\" on server VANSQL10 \r\n\r\nValimo\r\nLimsa \r\n\r\n2. After the copy turn databases online \r\n3. Inform \"marja.ruis@luvata.com\" and \"jerry.ruuhilehto@vetokonsultit.fi\" \r\n',	0,	'2014-07-23',	'2014-07-23',	'2014-07-23',	NULL,	NULL,	'2014-07-15 14:38:30'),
(73,	11,	'Bi-Weekly DL-Meeting Portigon',	'',	1,	'2014-07-23',	'2014-07-23',	'2014-07-23',	NULL,	NULL,	'2014-07-23 09:47:26'),
(74,	15,	'Finnish ECS PC - Project team meeting',	'+421-250-11-2050',	1,	'2014-07-28',	'2014-07-28',	'2014-07-28',	NULL,	NULL,	'2014-07-28 10:40:30'),
(75,	11,	'DR at Portigon',	'',	0,	'2014-09-20',	'2014-09-20',	'2014-09-20',	NULL,	NULL,	'2014-07-30 10:34:40'),
(76,	17,	'f2f meeting with milo',	'',	1,	'2014-08-04',	'2014-08-04',	'2014-08-04',	NULL,	NULL,	'2014-08-04 13:59:40'),
(77,	3,	'Luvata AST',	'',	1,	'2014-08-19',	'2014-08-19',	'2014-08-19',	NULL,	NULL,	'2014-08-19 08:59:55'),
(78,	15,	'MSSQL a Oracle installation',	'',	1,	'2014-08-19',	'2014-08-19',	'2014-08-19',	NULL,	NULL,	'2014-08-19 09:00:35'),
(79,	11,	'HP/BlueStar: Synchronisation with DLs',	'',	1,	'2014-08-22',	'2014-08-22',	'2014-08-22',	NULL,	NULL,	'2014-08-19 09:07:19'),
(80,	9,	'HUS (Helsinki Uusimaa hospital district) AST meeting',	'',	1,	'2014-08-21',	'2014-08-21',	'2014-08-21',	NULL,	NULL,	'2014-08-19 09:09:34'),
(81,	15,	'Finnish ECS PC - Project team meeting',	'',	1,	'2014-08-25',	'2014-08-25',	'2014-08-25',	NULL,	NULL,	'2014-08-25 13:12:19'),
(82,	17,	'f2f meeting with milo',	'',	1,	'2014-09-02',	'2014-09-02',	'2014-09-02',	NULL,	NULL,	'2014-09-02 09:32:42'),
(83,	11,	'Bi-Weekly DL-Meeting Portigon',	'',	1,	'2014-09-03',	'2014-09-03',	'2014-09-03',	NULL,	NULL,	'2014-09-02 09:33:23'),
(84,	11,	'HP/BlueStar: Synchronisation with DLs',	'',	1,	'2014-09-05',	'2014-09-05',	'2014-09-05',	NULL,	NULL,	'2014-09-02 09:33:42'),
(85,	11,	'HP/BlueStar: Introduction into Project',	'',	1,	'2014-09-05',	'2014-09-05',	'2014-09-05',	NULL,	NULL,	'2014-09-02 09:34:12'),
(86,	16,	'Cluster migration from SQL 2005 to 2008',	'',	0,	'2014-09-19',	'2014-09-19',	'2014-09-19',	NULL,	NULL,	'2014-09-22 13:05:41'),
(87,	15,	'Finnish ECS PC - Project team meeting',	'',	1,	'2014-09-22',	'2014-09-22',	'2014-09-22',	NULL,	NULL,	'2014-09-22 13:05:58'),
(89,	11,	'Bi-Weekly DL-Meeting Portigon',	'',	1,	'2014-09-17',	'2014-09-17',	'2014-09-17',	NULL,	NULL,	'2014-09-22 13:06:56'),
(90,	9,	'HUS (Helsinki Uusimaa hospital district) AST meeting',	'Responsible persons for different areas are:\r\n-	ADM for servers: Helli Mäenpää\r\n-	SQL DB’s: Antti Malkki, Thomas Misura\r\n-	Change mgmt:  Auli Sievinen, Leo Sutinen, Harri Huotari\r\n-	Security:  Erno Nikula\r\n-	Unix/Linux: Jaana Pesonen, Juha Finni, Matus Mitana, Evgeni Borisov\r\n-	Oracle DB’s: Kari Hartikainen, Kalle Nikkilä, Georgi Kaishev\r\n-	Wintel: Marko Rapa, Marko Toivonen, Juraj Bazinsky\r\n-	Backup, storage: Vesa Liukkonen, Mikael Laitinen, Ionut Cristinel Proiciulescu\r\n-	Exchange, AD: Petteri Kukkonen, Hristo Damyanov, Daniel Gazica\r\n-	Antivirus: Mikko Korppi, Massimo Tenaglia\r\n-	SD: Marika Majurinen\r\n-	Husnet (network): Jarmo Virnes\r\n-	Workplace services/ADE: Marko Malinen\r\n-	X-tower CCL for HUS, Pavol Misun\r\n-	Kristian Stoychev, Incident mgmt\r\n-	Gabriel Ginev, Problem mgmt\r\n-	Violeta Stiliyanova, Configuration mgmt\r\n',	1,	'2014-09-23',	'2014-09-23',	'2014-09-23',	'08:30',	'10:00',	'2014-09-23 07:55:31'),
(91,	16,	'migration from SQL2005 to SQL2008',	'',	0,	'2014-09-27',	'2014-09-27',	'2014-09-27',	'09:00',	'14:00',	'2014-09-24 09:46:05'),
(92,	11,	'Weekly oerational Calls',	'https://join.houston.hp.com/meet/vlastimil.bandik/5PCMZWY5',	1,	'2014-09-29',	'2014-09-29',	'2014-09-29',	'11:00',	'11:30',	'2014-09-29 08:23:28'),
(93,	17,	'GE&TC – EMEA – welcome and FY15 priorities',	'',	1,	'2014-09-30',	'2014-09-30',	'2014-09-30',	'10:00',	'11:00',	'2014-09-29 08:24:48'),
(94,	11,	'Weekly operational Calls',	'',	1,	'2014-10-02',	'2014-10-02',	'2014-10-02',	'11:00',	'11:30',	'2014-09-29 08:25:56'),
(95,	11,	'HP/BlueStar: Synchronisation with DLs',	'',	1,	'2014-10-03',	'2014-10-03',	'2014-10-03',	'11:00',	'12:00',	'2014-09-29 08:26:35'),
(96,	17,	'Global Engineering & Technical Consulting Team meeting',	'',	1,	'2014-10-06',	'2014-10-06',	'2014-10-06',	'10:00',	'11:00',	'2014-09-29 08:27:55'),
(97,	11,	'Weekly operational Calls',	'',	1,	'2014-10-06',	'2014-10-06',	'2014-10-06',	'11:00',	'11:30',	'2014-09-29 08:28:32'),
(98,	15,	'Finnish ECS PC - Project team meeting',	'',	1,	'2014-10-06',	'2014-10-06',	'2014-10-06',	'14:00',	'15:00',	'2014-09-29 08:29:25'),
(99,	11,	'Weekly Process mgmt call',	'',	1,	'2014-10-06',	'2014-10-06',	'2014-10-06',	'14:00',	'15:00',	'2014-09-29 08:30:11'),
(100,	17,	'f2f with Tomas',	'',	1,	'2014-10-06',	'2014-10-06',	'2014-10-06',	'14:00',	'14:30',	'2014-09-29 08:30:59'),
(101,	15,	'Finnish ECS PC MSSQL KT: session 1',	'',	1,	'2014-10-09',	'2014-10-09',	'2014-10-09',	'10:00',	'11:00',	'2014-09-29 08:32:19'),
(102,	11,	'Weekly operational Calls',	'',	1,	'2014-10-09',	'2014-10-09',	'2014-10-09',	'11:00',	'11:30',	'2014-09-29 08:32:52'),
(103,	5,	'Weekly AST Meeting',	'',	1,	'2014-09-30',	'2014-09-30',	'2014-09-30',	'11:00',	'11:30',	'2014-09-30 11:18:14'),
(104,	5,	'Weekly HP Internal Change Meeting - Rexam Account',	'',	1,	'2014-09-30',	'2014-09-30',	'2014-09-30',	'11:30',	'12:00',	'2014-09-30 11:18:51'),
(105,	11,	'SME discussion for the root cause for the Blackberry issues',	'',	1,	'2014-10-06',	'2014-10-06',	'2014-10-06',	'12:30',	'13:30',	'2014-10-06 08:01:12'),
(106,	17,	'Global Engineering & Technical Consulting Team meeting',	'',	1,	'2014-10-06',	'2014-10-06',	'2014-10-06',	'10:00',	'11:00',	'2014-10-06 08:01:55'),
(107,	15,	'Finnish ECS PC - Project team meeting',	'',	1,	'2014-10-06',	'2014-10-06',	'2014-10-06',	'14:00',	'15:00',	'2014-10-06 08:02:29'),
(108,	11,	'Weekly Process mgmt call',	'',	1,	'2014-10-06',	'2014-10-06',	'2014-10-06',	'14:00',	'15:00',	'2014-10-06 08:03:00'),
(109,	17,	'f2f meeting with milo',	'',	1,	'2014-10-06',	'2014-10-06',	'2014-10-06',	'14:00',	'14:30',	'2014-10-06 08:03:30'),
(110,	5,	'Weekly AST Meeting',	'',	1,	'2014-10-07',	'2014-10-07',	'2014-10-07',	'11:00',	'12:00',	'2014-10-06 08:04:34'),
(111,	15,	'LCS-FI VMware overview',	'',	1,	'2014-10-07',	'2014-10-07',	'2014-10-07',	'14:00',	'14:30',	'2014-10-06 08:05:10');

DROP TABLE IF EXISTS `tblcustomer_events_new`;
CREATE TABLE `tblcustomer_events_new` (
  `event_id` int(11) NOT NULL AUTO_INCREMENT,
  `cust_id` int(5) NOT NULL,
  `event_title` varchar(100) COLLATE utf8_slovak_ci NOT NULL,
  `event_description` text COLLATE utf8_slovak_ci,
  `is_meeting` int(1) DEFAULT NULL,
  `event_date` date NOT NULL,
  `start_event_date` date NOT NULL,
  `end_event_date` date NOT NULL,
  `nr_of_days` int(3) NOT NULL,
  `event_created` datetime NOT NULL,
  PRIMARY KEY (`event_id`),
  KEY `cust_id` (`cust_id`)
) ENGINE=InnoDB DEFAULT CHARSET=utf8 COLLATE=utf8_slovak_ci;

INSERT INTO `tblcustomer_events_new` (`event_id`, `cust_id`, `event_title`, `event_description`, `is_meeting`, `event_date`, `start_event_date`, `end_event_date`, `nr_of_days`, `event_created`) VALUES
(1,	11,	'ATIS refresh server and DB RTPA',	'Hello,\r\n\r\nHere is our daily call for the status of the server and DB RTPA (duss1501 and duss1502).\r\n\r\nthanks and kind regards,\r\n     Sarah',	1,	'2014-03-18',	'2014-03-18',	'2014-03-18',	0,	'2014-03-17 17:44:10'),
(2,	11,	'ATIS refresh server and DB RTPA',	'Hello,\r\n\r\nHere is our daily call for the status of the server and DB RTPA (duss1501 and duss1502).\r\n\r\nthanks and kind regards,\r\n     Sarah',	1,	'2014-03-17',	'2014-03-17',	'2014-03-17',	0,	'2014-03-17 19:03:48'),
(3,	11,	'ATIS refresh server and DB RTPA',	'Hello,\r\n\r\nHere is our daily call for the status of the server and DB RTPA (duss1501 and duss1502).\r\n\r\nthanks and kind regards,\r\n     Sarah',	1,	'2014-03-19',	'2014-03-19',	'2014-03-19',	0,	'2014-03-17 19:04:26'),
(4,	11,	'ATIS refresh server and DB RTPA',	'Hello,\r\n\r\nHere is our daily call for the status of the server and DB RTPA (duss1501 and duss1502).\r\n\r\nthanks and kind regards,\r\n     Sarah',	1,	'2014-03-20',	'2014-03-20',	'2014-03-20',	0,	'2014-03-17 19:05:25'),
(5,	11,	'Oracle patching',	'',	0,	'2014-03-18',	'2014-03-18',	'2014-03-18',	0,	'2014-03-17 19:26:27'),
(6,	11,	'ATIS migration',	'',	0,	'2014-03-22',	'2014-03-22',	'2014-03-22',	0,	'2014-03-17 19:30:16'),
(7,	15,	'Finnish ECS PC - Project team meeting',	'',	1,	'2014-03-24',	'2014-03-24',	'2014-03-24',	0,	'2014-03-17 21:13:47'),
(8,	11,	'Patching 1st group of the servers',	'',	0,	'2014-03-19',	'2014-03-19',	'2014-03-19',	0,	'2014-03-17 22:32:46'),
(9,	11,	'Bi-Weekly DL-Meeting Portigon ',	'',	1,	'2014-03-23',	'2014-03-23',	'2014-03-23',	0,	'2014-03-17 22:34:21'),
(10,	11,	'Internal team meeting',	'interny meeting',	0,	'2014-03-26',	'2014-03-26',	'2014-03-26',	0,	'2014-03-26 12:55:46'),
(11,	11,	'GSA: Oracle patching - PSU January 2014 - Prod databases',	'E2-C00106182 ',	0,	'2014-03-29',	'2014-03-29',	'2014-03-29',	0,	'2014-03-29 09:58:17'),
(12,	11,	'service review',	'',	1,	'2014-03-31',	'2014-03-31',	'2014-03-31',	0,	'2014-03-29 10:28:56'),
(14,	9,	'patching of Biztalk Test environment',	'',	0,	'2014-03-29',	'2014-03-29',	'2014-03-29',	0,	'2014-03-29 14:07:46'),
(15,	11,	'migracia applikacie to FI-TS',	'Helaba is planning for the Easter weekend the Migration of the monetary transaction applications to FI-TS.\r\nFor that reason Helaba needs on-call duties for the servers dusu0216 und dusu0217, indeed for the server and also for the Oracle-Instances.\r\n\r\nOn-Call duty Service Timeframe has been planned for:\r\nFriday, 18.04.14 08:00 - 20:00 Uhr\r\nSathurday, 19.04.14 08:00 - 20:00 Uhr\r\n',	0,	'2014-04-18',	'2014-04-18',	'2014-04-18',	0,	'2014-04-09 09:50:28'),
(16,	3,	'AST',	'',	1,	'2014-04-22',	'2014-04-22',	'2014-04-22',	0,	'2014-04-22 08:17:29'),
(17,	15,	'Finnish ECS PC - Project team meeting',	'',	1,	'2014-04-22',	'2014-04-22',	'2014-04-22',	0,	'2014-04-22 08:18:15'),
(18,	11,	'Status ICS rollout ;   Status of monthly ICS result check',	'',	1,	'2014-04-22',	'2014-04-22',	'2014-04-22',	0,	'2014-04-22 08:19:02'),
(19,	11,	'Bi-Weekly DL-Meeting Portigon',	'',	1,	'2014-04-23',	'2014-04-23',	'2014-04-23',	0,	'2014-04-22 08:21:17'),
(21,	11,	'CAB Meeting / Portigon Account - HP Internal',	'',	1,	'2014-04-23',	'2014-04-23',	'2014-04-23',	0,	'2014-04-22 08:29:32'),
(22,	11,	'DR at Portigon, London',	'',	0,	'2014-05-10',	'2014-05-10',	'2014-05-10',	0,	'2014-04-22 09:22:18'),
(23,	11,	'ICS rollout review',	'',	1,	'2014-04-24',	'2014-04-24',	'2014-04-24',	0,	'2014-04-24 14:48:28'),
(24,	11,	'Bi-Weekly DL-Meeting Portigon',	'',	1,	'2014-04-30',	'2014-04-30',	'2014-04-30',	0,	'2014-04-28 09:19:19'),
(25,	17,	'EeTime workshop - how to',	'',	1,	'2014-04-28',	'2014-04-28',	'2014-04-28',	0,	'2014-04-28 09:19:40'),
(26,	11,	'Weekly Operational Calls',	'',	1,	'2014-04-28',	'2014-04-28',	'2014-04-28',	0,	'2014-04-28 09:19:57'),
(27,	11,	'Weekly Operational Calls',	'',	1,	'2014-01-05',	'2014-01-05',	'2014-01-05',	0,	'2014-04-28 09:20:36'),
(28,	9,	'BIZTALK 2010 husbtsdb15t rebuild',	'Rebuild will continue tomorrow at HUS. Antti will go there in the morning and they will start at 08:00 Finnish time.\r\n\r\nDo you have the local administrator password of new Husbtsdb15t? I cannot login with the one in ESL.\r\n\r\n1)	Now it is needed to take full backup of the server before tomorrow morning.\r\n\r\nSystemstatebackup that Milan took 4th April has been moved from Husbtsdb14t\\c\\temp to Helmeias222v\\d\\biztalk2010.\r\n\r\n2)	 First step tomorrow is to revoke failed Husbtsdb15t from the cluster and add the rebuilt node back to cluster. \r\nWho will take care of this? It could be done today also.\r\n',	0,	'2014-04-29',	'2014-04-29',	'2014-04-29',	0,	'2014-04-28 14:55:37'),
(29,	11,	'E2-C00118266',	'GSA: SQL 2008 R2 Cumulative update on server dusv0239_HP internal',	0,	'2014-05-04',	'2014-05-04',	'2014-05-04',	0,	'2014-05-02 09:20:26'),
(30,	11,	'E2-IM002266488 ',	' Portigon: Performace Issues on duss1501/dusc1500 - ATIS Mcafee reinstall & reboot',	0,	'2014-05-02',	'2014-05-02',	'2014-05-02',	0,	'2014-05-02 09:21:27'),
(31,	17,	'F2F s milom',	'',	1,	'2014-05-05',	'2014-05-05',	'2014-05-05',	0,	'2014-05-05 12:26:42'),
(32,	3,	'[Luvata] - CIM IR review meeting - System vandcld1.ld.local is possibly down - E-IM012704795',	'',	1,	'2014-05-07',	'2014-05-07',	'2014-05-07',	0,	'2014-05-07 12:49:23'),
(33,	11,	'CAB Meeting / Portigon Account - HP Internal',	'',	1,	'2014-05-07',	'2014-05-07',	'2014-05-07',	0,	'2014-05-07 12:49:42'),
(34,	11,	'Internal DB meeting',	'',	1,	'2014-05-07',	'2014-05-07',	'2014-05-07',	0,	'2014-05-07 12:50:38'),
(35,	11,	'PORTIGON ACCOUNT COFFEETALK',	'Dear all,\r\n\r\nThis is your chance to catch the most recent news on Portigon.\r\nYou may well remember what we included in our coffee talk December 2013, so here’s the vital update. \r\nJust one glance: We signed BlueStar.\r\n',	1,	'2014-05-13',	'2014-05-13',	'2014-05-13',	0,	'2014-05-13 15:13:32'),
(36,	11,	'Project Services - SW Services & Portfolio Team Meeting',	'',	1,	'2014-05-12',	'2014-05-12',	'2014-05-12',	0,	'2014-05-13 15:14:28'),
(37,	9,	'maintenance of biztalk 2010',	'',	0,	'2014-05-27',	'2014-05-27',	'2014-05-27',	0,	'2014-05-16 09:44:01'),
(38,	11,	'Portigon Workshop',	'',	1,	'2014-05-26',	'2014-05-26',	'2014-05-26',	0,	'2014-05-26 09:11:25'),
(39,	9,	'Shell Dedicated Managed Private Cloud Project',	'',	0,	'2014-06-25',	'2014-06-25',	'2014-06-26',	0,	'2014-06-02 09:45:19'),
(40,	17,	'Shell Dedicated Managed Private Cloud Project',	'',	0,	'2014-06-26',	'2014-06-25',	'2014-06-26',	0,	'2014-06-02 09:45:35'),
(47,	0,	'vacation',	'',	0,	'2014-06-16',	'2014-06-16',	'2014-06-20',	0,	'2014-06-04 19:51:48'),
(48,	0,	'vacation',	'',	0,	'2014-06-17',	'2014-06-16',	'2014-06-20',	0,	'2014-06-04 19:51:48'),
(49,	0,	'vacation',	'',	0,	'2014-06-18',	'2014-06-16',	'2014-06-20',	0,	'2014-06-04 19:51:48'),
(50,	0,	'vacation',	'',	0,	'2014-06-19',	'2014-06-16',	'2014-06-20',	0,	'2014-06-04 19:51:48'),
(51,	0,	'vacation',	'',	0,	'2014-06-20',	'2014-06-16',	'2014-06-20',	0,	'2014-06-04 19:51:48'),
(54,	9,	'test event',	'',	1,	'2014-06-12',	'2014-06-12',	'2014-06-12',	0,	'2014-06-12 14:58:05'),
(55,	0,	'dovolenka',	'',	0,	'2014-06-13',	'2014-06-13',	'2014-06-13',	0,	'2014-06-13 16:14:55'),
(56,	11,	'Service review',	'',	0,	'2014-06-23',	'2014-06-23',	'2014-06-23',	0,	'2014-06-18 11:13:03'),
(57,	11,	'Service review',	'',	1,	'2014-06-26',	'2014-06-26',	'2014-06-26',	0,	'2014-06-18 11:13:27'),
(58,	11,	'Service review',	'',	1,	'2014-06-30',	'2014-06-30',	'2014-06-30',	0,	'2014-06-30 08:38:35'),
(59,	17,	'Project Services - SW Services & Portfolio Team Meeting',	'',	1,	'2014-06-30',	'2014-06-30',	'2014-06-30',	0,	'2014-06-30 08:39:56'),
(60,	15,	'Finnish ECS PC - Project team meeting',	'All,\r\nTeam meeting for Finnish ECS PC project.\r\n\r\nConference Code:	55 86 72 05 77\r\n\r\nHP Virtual Room participant keys\r\nPresenter key: https://www.rooms.hp.com/attend/default.aspx?key=RHB2KKFNSQ\r\nParticipant key: https://www.rooms.hp.com/attend/default.aspx?key=RP5QBDDLWZ\r\n',	1,	'2014-06-30',	'2014-06-30',	'2014-06-30',	0,	'2014-06-30 08:40:35'),
(61,	11,	'Bi-Weekly DL-Meeting Portigon',	'',	1,	'2014-07-02',	'2014-07-02',	'2014-07-02',	0,	'2014-06-30 08:41:43'),
(62,	0,	'dovolenka',	'',	0,	'2014-07-04',	'2014-07-04',	'2014-07-04',	0,	'2014-07-01 12:22:01'),
(67,	0,	'dovolenka-test',	'',	0,	'2014-07-09',	'2014-07-09',	'2014-07-11',	0,	'2014-07-01 14:55:10');

DROP TABLE IF EXISTS `tblcustomer_event_days`;
CREATE TABLE `tblcustomer_event_days` (
  `event_day_id` int(11) NOT NULL AUTO_INCREMENT,
  `cust_id` int(5) NOT NULL,
  `event_id` int(11) NOT NULL,
  `event_day` date NOT NULL,
  `event_day_descr` text COLLATE utf8_slovak_ci NOT NULL,
  PRIMARY KEY (`event_day_id`),
  KEY `cust_id` (`cust_id`),
  KEY `event_id` (`event_id`),
  CONSTRAINT `tblcustomer_event_days_ibfk_1` FOREIGN KEY (`cust_id`) REFERENCES `tblcustomers` (`cust_id`),
  CONSTRAINT `tblcustomer_event_days_ibfk_2` FOREIGN KEY (`event_id`) REFERENCES `tblcustomer_events` (`event_id`)
) ENGINE=InnoDB DEFAULT CHARSET=utf8 COLLATE=utf8_slovak_ci;

INSERT INTO `tblcustomer_event_days` (`event_day_id`, `cust_id`, `event_id`, `event_day`, `event_day_descr`) VALUES
(1,	0,	62,	'2014-07-09',	''),
(2,	0,	62,	'2014-07-10',	''),
(3,	0,	62,	'2014-07-11',	'');

DROP TABLE IF EXISTS `tblcustomer_event_time`;
CREATE TABLE `tblcustomer_event_time` (
  `event_time_id` int(11) NOT NULL,
  `cust_id` int(5) NOT NULL,
  `event_id` int(11) NOT NULL,
  `start_time` varchar(5) COLLATE utf8_slovak_ci NOT NULL,
  `end_time` varchar(5) COLLATE utf8_slovak_ci NOT NULL,
  KEY `cust_id` (`cust_id`),
  KEY `event_id` (`event_id`),
  CONSTRAINT `tblcustomer_event_time_ibfk_1` FOREIGN KEY (`cust_id`) REFERENCES `tblcustomers` (`cust_id`),
  CONSTRAINT `tblcustomer_event_time_ibfk_2` FOREIGN KEY (`event_id`) REFERENCES `tblcustomer_events` (`event_id`)
) ENGINE=InnoDB DEFAULT CHARSET=utf8 COLLATE=utf8_slovak_ci;


DROP TABLE IF EXISTS `tblcustomer_incidents`;
CREATE TABLE `tblcustomer_incidents` (
  `id` int(11) NOT NULL AUTO_INCREMENT,
  `cust_id` int(11) NOT NULL,
  `relation_customer` varchar(50) COLLATE utf8_slovak_ci DEFAULT NULL,
  `incident_title` varchar(100) CHARACTER SET utf8 DEFAULT NULL,
  `incident_text` text COLLATE utf8_slovak_ci,
  `date_created` datetime NOT NULL,
  PRIMARY KEY (`id`)
) ENGINE=InnoDB DEFAULT CHARSET=utf8 COLLATE=utf8_slovak_ci;

INSERT INTO `tblcustomer_incidents` (`id`, `cust_id`, `relation_customer`, `incident_title`, `incident_text`, `date_created`) VALUES
(1,	0,	'Betafence',	'test',	'test',	'2013-07-08 20:17:21');

DROP TABLE IF EXISTS `tblcustomer_issues`;
CREATE TABLE `tblcustomer_issues` (
  `IssueID` int(11) NOT NULL AUTO_INCREMENT,
  `server_id` int(11) NOT NULL,
  `cust_id` int(11) NOT NULL,
  `server_name` varchar(50) NOT NULL,
  `issue_title` varchar(100) NOT NULL,
  `issue_description` text NOT NULL,
  `issue_solution` text NOT NULL,
  `date_created` date NOT NULL,
  `issue_status` varchar(10) NOT NULL,
  PRIMARY KEY (`IssueID`)
) ENGINE=MyISAM DEFAULT CHARSET=utf8;


DROP TABLE IF EXISTS `tblcustomer_meetings`;
CREATE TABLE `tblcustomer_meetings` (
  `id` int(11) NOT NULL AUTO_INCREMENT,
  `cust_id` int(11) NOT NULL,
  `meeting_name` varchar(100) CHARACTER SET utf8 COLLATE utf8_slovak_ci DEFAULT NULL,
  `meeting_description` text CHARACTER SET utf8 COLLATE utf8_slovak_ci NOT NULL,
  `date_of_meeting` date NOT NULL,
  `start_time` time DEFAULT NULL,
  `end_time` time DEFAULT NULL,
  `atendees` varchar(200) DEFAULT NULL,
  `meeting_type` varchar(10) DEFAULT NULL,
  `location` varchar(40) DEFAULT NULL,
  `meeting_log` text,
  `date_created` datetime NOT NULL,
  PRIMARY KEY (`id`)
) ENGINE=InnoDB DEFAULT CHARSET=utf8;


DROP TABLE IF EXISTS `tblcustomer_notes`;
CREATE TABLE `tblcustomer_notes` (
  `id` int(5) NOT NULL AUTO_INCREMENT,
  `cust_id` int(11) NOT NULL,
  `customer_name` varchar(20) CHARACTER SET utf8 NOT NULL,
  `title` varchar(255) CHARACTER SET utf8 COLLATE utf8_slovak_ci DEFAULT NULL,
  `note` text CHARACTER SET utf8,
  `date_created` varchar(10) CHARACTER SET utf8 DEFAULT NULL,
  PRIMARY KEY (`id`)
) ENGINE=InnoDB DEFAULT CHARSET=latin1;

INSERT INTO `tblcustomer_notes` (`id`, `cust_id`, `customer_name`, `title`, `note`, `date_created`) VALUES
(4,	0,	'Gasunie',	NULL,	'<p>guvmp887.extranet.local - EXTRANET domena</p><p>guvmp472.gasunie.nl - GASUNIE domena <br /></p>',	'2012-01-16'),
(5,	0,	'REXAM',	'gbswicarpdb02',	'find more information about the instances',	'2013-04-16'),
(6,	11,	'',	'problem s pristupoma na lons0386.emea.westlb.net',	'mame problem s pristupom na server lons0386.emea.westlb.net kde sa ukazalo,ze po instalacii admin \"zabudol \" nastavit spravne prava aby aby mali pristup aj ostatne skupiny. dodatocne sme zistili problem aj u sesterskeho servra lons0387.emea.westlb.net.  Pridanie do grupy nepomohlo, mame len public pristup. Poziadali sme o reset sa accountu',	'2014:02:25'),
(7,	9,	'',	'extend disku na helmeidb36.palvelu.hus.fi',	'(E-IM012001306) - disk W: 1.2 TB, recommended extend + 200GB',	'2014:02:25'),
(8,	11,	'',	'network outage',	'There were several server down incidents received. After short investigation is there for now one sign – all do have the same subnet IP: 213.1.150.*\r\n\r\nI called CIM and he initialized ticket creation for T-SYSTEMS to check it.\r\n\r\nPlease provide me the ticket id and ask for regular updates.\r\n\r\nHello L1 team,\r\n… following esl have the ip next nodes :\r\nduss0338.gsa.westlb.net\r\nduss0626.gsa.westlb.net\r\nduss1121.gsa.westlb.net \r\nduss1122.gsa.westlb.net\r\nduss1331.gsa.westlb.net\r\nduss1332.gsa.westlb.net\r\n\r\nare there some other nodes down incidents ?\r\n',	'2014:02:28'),
(9,	11,	'',	'navrh',	'poslal som Birgit tento navrh:\r\n\r\nHello Birgit\r\n\r\nI realize you’re busy with more important stuff but I have got small proposal for you how to improve process and communication between HP and Portigon…We have discovered that there missing some processes in case Portigon request something in case what have in my mind and it’s about decommissioning of the database. From our point of view it’s clear and we know what to do. But from communication between application team at Portigon and us I have realized they don’t know what to do and such clearly defined process probably does not exists or not all of them are informed about. As the result they mix two different requests into one and they send separate requests to other teams thought it should be part of one request or one process.\r\n\r\nI apologize with disturbing about but in my opinion it needs to be clarified.\r\n',	'2014:03:06'),
(10,	11,	'',	'Odpoved Birgit',	'Hi Thomas ! Hi Vlastimil !\r\n\r\nFirst of all I would like to thank you Thomas for your ideas of improvements. I am fully with you. There are lots of process issues on customer side which causes additional work on our side. \r\n\r\nSomehow I agree to Vlastimil but nevertheless I appreciate any suggestions, etc. \r\nAs Vlastimil mentions we are in the phase of negotiations of a new contract and in addition it looks like there will be lots of changes on customer side with regards to employees. I have heard that some people we are currently working with will leave the company. \r\nFurthermore I got promised by Manfred that I will have a contact person in the future I can directly work with. I hope this will be implemented as the current mode how we are acting is not really to my convenience. \r\n\r\nAs soon as such roles are implemented I would like to talk about such details you are mentioning here and bring them up.\r\n\r\nSorry for not responding earlier !\r\n',	'2014:03:12'),
(11,	11,	'',	'Vlastova odpoved',	'Thomas I am not optimistic in setting any processes to be followed by customer when they were not followed so far, \r\nand there are strategically changes on customer side with objective to get signed new contract.\r\n\r\nIf you have any proposal for improvements, then I would focus on our HP side ( Datacenter, Front End, Banking Demands area ), especially Banking demands  \r\n\r\n\r\nAppreciate your initiative \r\n',	'2014:03:12'),
(12,	9,	'',	'SQL issue on the server husbtsdb10.hus.fi',	'Hello,\r\n   Please open problem ticket for SQL team on the server husbtsdb10.hus.fi because we have issues on last night:\r\nEvent id:208\r\nSQL Server Scheduled Job \'DTA Purge and Archive (BizTalkDTADb)\' (0xFBC394E3384B2A40B65FA0261996BF1C) - Status: Failed - Invoked on: 2014-03-14 05:36:00 - Message: The job failed.  Unable to determine if the owner (HUS\\fujitsuadmin) of job DTA Purge and Archive (BizTalkDTADb) has server access (reason: Unable to connect to server - check SQL Server and SQL Server Agent errorlogs).\r\nEvent id:208\r\nSQL Server Scheduled Job \'DTA Purge and Archive (BizTalkDTADb)\' (0xFBC394E3384B2A40B65FA0261996BF1C) - Status: Failed - Invoked on: 2014-03-14 05:40:16 - Message: The job failed.  Unable to determine if the owner (HUS\\fujitsuadmin) of job DTA Purge and Archive (BizTalkDTADb) has server access (reason: Unable to connect to server - check SQL Server and SQL Server Agent errorlogs).\r\nWe need high priority problem management for this issue. Use P1 priority.\r\nThanks.\r\n',	'2014:03:14'),
(13,	5,	'',	'DR - 14.3.2014',	'During recovery test we have discovered one thing - the database PwManager that should be located on gbswipsqldb01.global.rexam.net in reality doeas not exists.',	'2014:03:14'),
(14,	9,	'',	'problem s biztalk2010 clustrom',	'Cau Tomas,\r\n\r\nMame problem s biztalk2010 clustrom a okrem ineho co mse nasli, sa casto opakuje aplikacny event ID 4104, ked som o tom nieco hladal, narazil som okrem ineho na toto:\r\n\r\n\r\nJust had this problem with our system test environment. The environment has been working for12+ months (with MSDTC configured for distributed transactions), then starting getting the MSDTC on server \'server\' is unavailable error a couple of days ago. DTCPing showed that MSDTC was working OK. SQL Server appeared to be working OK also. Tried the fix above, but that didn\'t work. Was just about to rebuild the DB server when I noticed a log file for one of the databases was exceptionally large (5.7Gb, DB is only 100Mb). Truncated the log file and everything started working again. Best guess is the log file was corrupted and this was somehow preventing SQL Server from rolling back and/or checking for aborteddistributed transaction. There were no SQL Server Log or Event Log entries that I could find to indicate a problem with the database or the DB log file. Note that the database with the corrupt log file was not the oneused by our application. Also,that DB did not need to participate in any distributed transactions.\r\n\r\nTak som nasiel tiez nejaky vacsi log “BizTalkMsgBoxDb_log” mozes sa  na to pozriet plz, neviem o SQLku nic\r\n',	'2014-03-17'),
(15,	5,	'',	'DR environment',	'hoping station:15.143.166.162\r\ncreadentials:  administrator hp',	'2014-03-19'),
(16,	9,	'',	'mozny patcing pre MSSQL',	'husbtsdb14T\r\nhusbtsdb15T\r\n',	'2014-03-21'),
(17,	9,	'',	'DB support',	'navrhol som aby sme transferli support Oraclu z BTV do Sofie pretoze nema vyznam aby sme suportovali 1 server a ja som zostal DB DL pre obe technologie',	'2014-03-24'),
(18,	9,	'',	'helmeidb36.palvelu.hus.fi - pad clusteru',	'Group                Node            Status\r\n-------------------- --------------- ------\r\nAvailable Storage    HELMEIDB35      Online\r\nCluster Group        HELMEIDB35      Online\r\nhelmeicls24Dtc       HELMEIDB36      Online\r\nSQL Server (ECOMEDSQLINST) HELMEIDB35      Failed\r\nSQL Server (HELMEICLS25) HELMEIDB35      Online\r\nSQL Server (INTERNETPROD) HELMEIDB35      Failed\r\nSQL Server (INTERNETTSTINS) HELMEIDB35      Online\r\nSQL Server (MSSQLSERVER) HELMEIDB36      Online\r\nSQL Server (PROJECTSQLINST) HELMEIDB35      Online\r\nSQL Server (QPRSQLINST) HELMEIDB35      Failed\r\nSQL Server (SPS2010PROD) HELMEIDB35      Online\r\nSQL Server (SPS2010TEST) HELMEIDB35      Online\r\n\r\npo nastartovani SQL group:\r\n\r\nC:\\Users\\EXTHP-vacvamic>cluster group\r\nListing status for all available resource groups:\r\n\r\nGroup                Node            Status\r\n-------------------- --------------- ------\r\nAvailable Storage    HELMEIDB35      Online\r\nCluster Group        HELMEIDB35      Online\r\nhelmeicls24Dtc       HELMEIDB36      Online\r\nSQL Server (ECOMEDSQLINST) HELMEIDB35      Online\r\nSQL Server (HELMEICLS25) HELMEIDB35      Online\r\nSQL Server (INTERNETPROD) HELMEIDB35      Online\r\nSQL Server (INTERNETTSTINS) HELMEIDB35      Online\r\nSQL Server (MSSQLSERVER) HELMEIDB36      Online\r\nSQL Server (PROJECTSQLINST) HELMEIDB35      Online\r\nSQL Server (QPRSQLINST) HELMEIDB35      Online\r\nSQL Server (SPS2010PROD) HELMEIDB35      Online\r\nSQL Server (SPS2010TEST) HELMEIDB35      Online',	'2014-03-25'),
(19,	9,	'',	'DB support',	'Oracle DB support is in best effort mode.',	'2014-03-26'),
(20,	17,	'',	'CATW - How to track your time',	'Please, take into account also following highlights when tracking your time:\r\n  -	the guideline is to track time in whole or quarter hours. E.g. .00, .25, .50, .75 of an hour\r\n-	In case of work on RtOP, critical incident handling, track the activity under 458 – Crisis Mgmt\r\n-	Avoid using A/A type \r\no	400 – Project Attendance (unless tracking ALT) – use specific codes for activities performed\r\no	100 – General absence; use rather more specific activity (e.g. Vacation, Company holiday, etc.)\r\no	700 – General Attendance, use rather more specific codes for the activities performed during that time (meeting, training, etc.)\r\no	775, 78x and 79x – they are not calculated towards the compliance and should be used by Shift employees only \r\n',	'2014-03-26'),
(21,	17,	'',	'podklady na report Milovi',	'Portigon:\r\n	1.) ATIS projekt skonceny - namiesto 13hodin standby natrackovanych 11 hodin prace\r\n        2.) 1. April - support of NASA - 1 and 2 line activities\r\n	3.) Doraba sa dokumentacia a operacne manualy\r\n	4.) Novy konktrakt - no new info\r\nPPU: \r\n	1.) LCS v2.5 in progress\r\n	2.) situacia v PPU - potrebne pushovat na AST account dat dohromady DB support (vyjasnit veci)    \r\n         3.) Loosing Luvata - zopar tyzdnov normalneho supportu, potom pol roka  ',	'2014-03-26'),
(22,	9,	'',	'CATW DB Support',	'FI3-HUSEU.10.10.40.05.12\r\n',	'2014-03-26'),
(23,	19,	'',	'freeze -period 15.6.-15.8',	'Hi and for your information!\r\n\r\nMinistry for Foreign Affairs of Finland has informed their freeze period 15th June -15th August. \r\nDuring the period we are not allowed to do any change implementation without separate Customer and account management (my) approval. \r\nOnly normal ongoing delivery work (monitoring, incident, etc) and mandatory changes (e.g security patching) can be done as usually.\r\n\r\n',	'2014-04-01'),
(24,	20,	'',	'cchtestpgra.elisanam.test',	'backups are actually made on drive c:, need to be relocated on other location',	'2014-04-04'),
(25,	15,	'',	'veci ktore ma trapia',	'- nevyjasnene kompetencie\r\n- servre su v MTP\r\n- rola Antiho Malkiho - aka je jeho rola\r\n- rola ostatnych Finov - nemam problem aby tak ostali, pokial im  budem  sefovat ;-)\r\n- rumorsy,ze ORACLovi support ma ist z BLG na SVK\r\n- velmi zla komunikacia v ramci accountu\r\n- nejasny AST model\r\n',	'2014-04-04'),
(26,	9,	'',	'helmeicls24.palvelu.hus.fi',	'additional disk space for W:.',	'2014-04-07'),
(27,	9,	'',	'pristupy na server',	'nemozem sa dostat na server hussccmps02.hus.fi kvoli terminal sevrices permissions',	'2014-04-15'),
(28,	9,	'',	'no access to HUSSCCMPS01 instance',	'',	'2014-04-15'),
(29,	9,	'',	'no accees to HUSSCCMPS02 instance',	'',	'2014-04-15'),
(30,	11,	'',	'LONS386',	'Hello Birgit, Vlastimil\r\n\r\nThis is to inform you we have been experiencing with following incident:\r\n\r\n•	There was issue at the lons386.emea.westlb server where the customer has been experiencing not working backups on the server from database point of view and the transaction has been growing very extremely in few days (400 GB). Normal size of this is around 70 GBs.  After investigation we’ve discovered the backups and other maintenance jobs were running on account that was disabled thus all jobs stopped working and transaction log has cleaned up\r\n•	During investigation we have also found out that we have just limited access to this server meaning that read only permissions due to person who has installed the server assumed from unknown reason our group has sufficient right but he was probably wrong \r\n•	We have contacted a lot of people from platform team including Euwan Walsh, Stephen Clarke, Phil Robertson to gain full admin access but a lot of  attempts to resolve  access issue by changing of security setting of the accounts we use for our support but didn’t help us\r\n•	We tried to get the credential for service accounts from the london’s platform team but nobody was able to provide us this. I also made walk-through all documentation I have but without any success. We have also contacted Chris Helm to get more information but he hasn’t have sufficient information.\r\n•	As the workaround we have proposed to restart SQL server into single user mode, setup own account of course with sufficient rights and restart the server back into multi user mode with expected downtime 20 minutes max.\r\n•	Customer has not agreed for first time with this workaround but after we have exhausted all options the customer has agreed with our workaround and approved downtime during Portigon’s out of office hours meaning that 16:30 UK time.\r\n•	Originally planned 20 minutes outage we’ve shortened to 10 minutes including with testing and customer’s conformation the server is running for them.\r\n•	Necessary changes have been made by Lukas Fras from GOC team. \r\n•	During this incident we also found that database monitoring is not working properly so we will fix it during upcoming days\r\n•	The customer also asked us to investigate why the transaction log has been growing so extremely.\r\n\r\n\r\nRegards,\r\n',	'2014-04-16'),
(31,	11,	'',	'Vlastova poznamka',	'Ahoj\r\n\r\n                                Vdaka za tu dobru pracu pre UK, feedback som zdielal aj s accountom a aj s Milom.\r\n\r\n                                Nakolko pracujes pre GSA a UK, mal by si pouzivat extra WBS pre kazdy region - > Je tak ? \r\n\r\n                                Co sa tyka trackovania ma trapi jedna vec, \r\n\r\n-	V accounte plati interne pravidlo, ze ludia mozu trackovat max 140 hodin mesacne, ak demand presahuje toto cislo treba informovat ADM-a ze toto cislo bude presiahnute a preco\r\n-	Dalej mame interne HP zalezitosti, ako su coffee talks, treningy, meetingy ( napr s Milom ) , citanie HP internych emailov a pod.toto sa nemoze trackovat na account\r\n-	Na zaver si spominal ze pracujes aj na externych veciach pre inych zakaznikov ako je Portigon, tento cas sa tiez nemoze trackovat na Portigon\r\n\r\nChcel by som ta teda poziadat o dodrziavanie tohto pravidla, je celkom jednoduche Ne-Portigon zalezitosti na Account nejdu, Portigon zalezitosti ano pricom sa delia na UK a GSA, a ini zakaznici na Portigon nejdu. \r\n\r\nAk je demand vacsi ako planovanych 140 hodin na mesiac, v tom pripade treba o tom informovat ADM-a ( mna ) \r\n',	'2014-04-22'),
(32,	3,	'',	'exit management',	'exit management started today.',	'2014-04-22'),
(33,	11,	'',	'WBS for UK',	'GB9-PT002.12.04',	'2014-04-28'),
(34,	5,	'',	'WBS code',	'GB9-00171.10.04.06.07',	'2014-04-28'),
(35,	20,	'',	' Elisa: Old Cisco-mailer environment ',	'Hello All,\r\n\r\nOld servers on the left side of the table need to be set “Out of Production” status only. Additional tasks will be followed and Kosta will inform us\r\nNew servers on the right side of the table must be moved to production status on ESL and on monitoring level. Afterwards please check if everything is working fine and tickets are generated.\r\n\r\nBe in contact also with Tomas Misura for the DB part, also the DB must be monitored.\r\n\r\nOld environment 		New environment\r\nGEOELIIFCIMDB2		CCHIFDB1\r\nGEOELIIFCIMDB1		CCHIFDB2\r\nGEOELIIFCIM01	        	GCHIFCIMWEB1\r\nGEOELIIFCIM03		        GCHIFCIMWEB2\r\nGEOELIIFCIM04		        CCHIFCIMMSG\r\nGEOELIIFCIM05		        CCHIFCIMSRV\r\nGEOELIIFCIM02		       CCHIFDBVS1\r\nIFCIMDBCLUSTER		cchifdbclu\r\nIFCIMDBVS1		\r\n\r\n',	'2014-05-12'),
(36,	9,	'',	'helmeidb54.hus.fi',	'spid22s     Error: 9001, Severity: 21, State: 1.   The log for database \'Pol_Dialyysi\' is not available. Check the event log for related error messages. Resolve any errors and restart the database.\r\n\r\n',	'2014-05-13'),
(37,	6,	'',	'Issue with populating data',	'ETL job ‘NEW Clarify – KPMG’ running which will copy related tables and fields from OMC server into Data Warehouse server ‘sdcdwpro01’ Server Name : sdcsql01vs01 \r\nSpecifications:\r\nSource IP Address: 10.208.4.66\r\nSource Database: ‘KSupport’\r\nDestination Server: sdcdwpro01\r\nDestination Database: Clarify – KPMG’\r\nsdcsql01vs01 is the intermediate server which pulls data from 10.208.4.66 and populates to sdcdwpro01 \r\n',	'2014-05-16'),
(38,	6,	'',	'WBS code',	'GB1-00212.10.01.06\r\n\r\nissue with data pump between KPMG and HP',	'2014-05-23'),
(39,	11,	'',	'instalacky pre SQL server',	'dusu0084 - \r\n/oradata15/SW_DVD9_SQL_Svr_Standard_Edtn_2008_R2_English_MLF_X16-29588.ISO',	'2014-06-03'),
(40,	15,	'',	'WBS for Cloud',	'FI1-ECSFI.90.03',	'2014-06-30'),
(41,	17,	'',	'meeting s milom',	'- LCS Cloud - installation documentation\r\n                       - defining tests for MSSQL server \r\n- REXAM - changes in datacenter\r\n- Portigon - T&T meeting tommorow',	'2014-07-07'),
(42,	5,	'',	'CAB/TAB',	'Hi All,\r\n\r\nFollowing discussions with Theodora, we would like to set up a weekly HP internal TAB/CAB meeting. Our preference is for this internal meeting to take place prior to the Rexam weekly TAB & CAB meetings. It is recommended that each area is represented on the HP TAB/CAB meeting. Not only will this give everyone visibility of all the HP changes that are scheduled over the next couple of weeks, but will also give people the opportunity to raise any questions regarding the RFC’s. I would also like to cover off any changes that were scheduled from the previous 7 days, points on the meeting below:\r\n\r\n•	The meeting will be scheduled for 10:30 (UK time) every Tuesday. Initially the meeting will be scheduled for 30 minutes, but this may need to be increased if necessary. The current weekly AST meeting scheduled between 10:00 – 11:00 on Tuesday will be reduced to 30 minutes to accommodate the HP change meeting.\r\n•	Reports will be issued each Monday showing list of changes scheduled for implementation over the next two weeks. A second report will also be issued showing changes that had been scheduled for implementation from the previous week with their current status. Teams will need to review the reports prior to the meeting so the below points can be covered in the meeting:\r\n\r\n•	Review changes scheduled to be implemented in the next 2 weeks (this may need to be reviewed, if the number of changes is too large). \r\no	Are the approvals in place to implement the change?\r\no	Any concerns or queries with the change?\r\no	Will implementation of an RFC clash with any other change or activity?\r\n•	Review RFC’s from the previous 7 days for the below points:\r\no	RFC’s that have been implemented, has the PIR section of RFC form updated and Change Management notified?  \r\no	Any RFC’s that did not get implemented and why?\r\no	Any issues when implementing an RFC?\r\n\r\nThe first meeting will be scheduled for next Tuesday 10th June, a meeting invite will be sent out to all of you. \r\n\r\nThis is the first meeting, so the format of the meeting may change, if you have any suggestions please raise them.\r\n',	'2014-07-07'),
(43,	5,	'',	'FSC of outages / maintenance activities for Swindon DC',	'Hi All,\r\n\r\nI have a meeting with Rexam early tomorrow morning to discuss forward schedule of change in Swindon. This meeting will cover all the required activities that require outages that will impact Rexam for the next 6 – 12 months.  Below is a list of the activities I am aware of, can you please review and advise of anything that need to be included.  I may need to have a quick chat with some of you to discuss some of these points.\r\n\r\n•	Procurve switch activities – adding resilience.\r\n•	Blade enclosure firmware upgrades. 6 enclosure that contain Unix and Windows servers.\r\n•	Failover testing of Windows servers\r\n•	Failover testing of Unix servers\r\n•	Service Guard upgrades on 6 Unix servers\r\n•	Split Unix cluster that contains GBSWIDB8 & GBSWIDB9\r\no	Then split same cluster servers GBSWIDB3, GBSWIDB4, GBSWIDB5 & GBSWIDB6\r\n•	Firmware upgrade on Superdomes.\r\n•	Monthly Windows patching\r\n•	6 monthly Unix patching – next scheduled for September 2014\r\n•	DR13 rehearsal – 6th – 24th October. Although not an outage will include due to resource requirements to cover.\r\n•	Oracle database upgrades, this includes Unix OS upgrades and SAP Kernel upgrades as will be performed within same activity.\r\n\r\nPlease get back to me with any additional points by 15:00 today.\r\n\r\nMany thanks\r\n',	'2014-07-07'),
(44,	0,	'',	'CREATE DATABASE permission denied in database \'master\'.',	'Permission denied is a security so you need to add a \"User\" permission..\r\n\r\nRight click you database(which is .mdf file) and then properties\r\nGo to security tab\r\nClick Continue button\r\nClick Add button\r\nClick Advance button\r\nAnother window will show, then you click the \"Find Now\" button on the right side.\r\nOn the fields below, go to the bottom most and click the \"Users\". Click OK.\r\nClick the permission \"Users\" that you have been created, then Check the full control checkbox.',	'2014-07-23'),
(45,	17,	'',	'Lync call',	'00421-2-5011-2050',	'2014-07-28'),
(46,	11,	'',	'WBS code for PDH',	'DE1-PT002.45.70',	'2014-08-07'),
(47,	16,	'',	'WBS code for server upgrade',	'ES1-1ME02.10.13.09',	'2014-08-08'),
(48,	11,	'',	'BB / Prio 2 / E2-IM003238557 / EXT000000008538',	'1.) reported the issue from BB team\r\n2.) immidiade asked for the action towards DB team\r\n3.) DB team recognized that mirroring failover has been initiated \r\n4.) couple of database including BESMgmt were in Recovery state\r\n5.) DB team has fixed the issue byt restarting of the both instances\r\n6.) BESMgmt status is back online\r\n7.) BB team informed about the status...\r\n8.) BB team has confirmed that BB is back operational',	'2014-09-09'),
(49,	11,	'',	'EXT8398 /PFS ticketno. IC14043292 \"E-Mail not working via Blackberry',	'\r\nBetween the servers dusv1323.gsa.westlb.net and dusv1324.gsa.westlb.net is implemented high availability solution that should guarantee the service operation in case of unexpected outage. Something has initiated failover and the database have switched to the second node. From unknown reason the databases stayed in not operational status and were unable to switch into operational status even after minutes…So we had to manually restart the instance to bright the databases online.\r\n\r\n1.)	DBA has connected to the server dusv1323.gsa.westlb.net and checked situation\r\n2.)	He noticed that there mirroring failover has been initiated but some databases have been in Recovery state\r\n3.)	He has restarted the instance\r\n4.)	The databases especially BESMgmt have come back online and operational\r\n5.)	DBA has restarted also dusv1324.gsa.westlb.net to initiate failover from this node to the original one.\r\n6.)	Called back to verify if BB is working again\r\n7.)	BB team has confirmed everything is working properly',	'2014-09-10'),
(50,	16,	'',	'SQL cluster reinstallation',	'1.       Move all data on one node\r\n2.       Remove the second node from the SQL cluster\r\n3.       Destroy Win cluster with having one node keeping whole service keep running. \r\n4.       Reinstall one node with Win 2008 (from 2003)+ full patching and create one node cluster here\r\n5.       Install also one node SQL 2008 R2 cluster + patching\r\n6.       Mirror  the databases between SQL 2005 and SQL2008 and transfer all data from first node to new one (depends on database size – 4 hours)\r\n7.       Break database mirror between two servers and the new server will take role of service holder (ask customer test)\r\n8.       Reinstall first node to Win 2008 and add it into the cluster\r\n9.       Install SQL 2008 R2 on first node with adding to the SQL cluster\r\n10.   Test if everything is working\r\n',	'2014-09-10'),
(51,	17,	'',	'PDLs',	'GOC 1st line: GOC-SWS-SVK-DB1 GOC-SWS-SVK-DB1@hp.com (SQL, Oracle and Sybase)\r\nGOC 2nd line: GOC-SWS-SVK-NT2 GOC-SWS-SVK-NT2@hp.com SQL\r\nGOC 2nd level:  GOC-SWS-SVK-UX2 GOC-SWS-SVK-UX2@hp.com (Oracle, Sybase)\r\n',	'2014-09-19'),
(52,	16,	'',	'Cluster mingration',	'sql01\r\ncluster IP address: 172.21.100.20\r\n                    255.255.0.0\r\n             \r\nReporting services\r\nAnalysis services  - installed not implemented\r\nFull text search- installed not implemente\r\n\r\nEngine - METROVACESA\\SQL_SRV_MVCSQLCLUSTE\r\nMetro2013!\r\nAgent -  METROVACESA\\SQL_AGT_MVCSQLCLUSTE\r\n\r\nMVCSQLCLUSTER - Server network name\r\nServer MVC instance\r\n\r\nroot D:\\Program Files\\Microsoft SQL Server\\\r\n\r\nDatabases: E:\\\r\n\r\nTransaction logs F:\\\r\n\r\nsa account:1FN7aWEy\r\n\r\nEXEC sp_RestoreFromAllFilesInDirectory \'C:\\Temp\\\', \'C:\\SqlDataFiles\\\',  \'D:\\SqlLogFiles\\\' - mass restore all databases\r\n\r\nEXEC sp_change_users_login \'Auto_Fix\', \'user\' - orphaned users\r\nexec sp_change_users_login \'report\'\r\n\r\nCollation: Modern_Spanish_CI_AS',	'2014-09-19'),
(53,	17,	'',	'distaster recover if missing or blocked users',	'bring the server into single user \r\n\r\n\r\n\r\ncreate login mssqltips with password=\'123456\'\r\nexec sp_addsrvrolember [mssqltips], [sysadmin]',	'2014-09-20'),
(54,	15,	'',	'new jump servers for VPC',	'fivajump002 and fivajump003',	'2014-09-22'),
(55,	17,	'',	'hardwarak',	'Martin Kunc',	'2014-10-01'),
(56,	0,	'',	'skip cluster validation rules',	'For an integrated failover Add-Note setup, run the following command on each node that is being added:\r\n<b>Setup /SkipRules=Cluster_VerifyForErrors /Action=InstallFailoverCluster</b>\r\n\r\nFor an advanced or enterprise installation, run the following command:\r\n<b>Setup /SkipRules=Cluster_VerifyForErrors /Action=CompleteFailoverCluster</b>\r\n\r\nIf you receive this validation failure when you add a node to an existing failover installation, run the following command on each node that is being added: \r\n<b>Setup /SkipRules=Cluster_VerifyForErrors /Action=AddNode</b>',	'2014-10-02'),
(57,	16,	'',	'fixing the issue with adding the second node of SQL 2008 R2',	'Issue:\r\n\r\nSQLBrowser: The last attempted operation: Starting the SQL Server Browser service \'SQLBrowser\', and waiting for up to \'900\' seconds for the process to   complete. .\r\n\r\nSolution:\r\nhttp://blogs.technet.com/b/mdegre/archive/2010/02/28/sql-server-2008-sqlbrowser-start-request-failed.aspx\r\n\r\n',	'2014-10-02'),
(58,	0,	'',	'Office 2013 Pro SN',	'YC7DK-G2NP3-2QQC3-J6H88-GVGXT',	'2014-10-06'),
(59,	5,	'',	'heslo pre DR',	'rexamdr_admin\r\ndY$$ast3r\r\n',	'2014-10-08');

DROP TABLE IF EXISTS `tblcustomer_projects`;
CREATE TABLE `tblcustomer_projects` (
  `project_id` int(3) NOT NULL AUTO_INCREMENT,
  `cust_id` int(11) NOT NULL,
  `project_name` varchar(50) NOT NULL,
  `project_code` varchar(50) DEFAULT NULL,
  `project_descr` mediumtext NOT NULL,
  `project_created` date DEFAULT NULL,
  `project_deadline` date DEFAULT NULL,
  `project_status` varchar(10) NOT NULL,
  PRIMARY KEY (`project_id`)
) ENGINE=InnoDB DEFAULT CHARSET=utf8;

INSERT INTO `tblcustomer_projects` (`project_id`, `cust_id`, `project_name`, `project_code`, `project_descr`, `project_created`, `project_deadline`, `project_status`) VALUES
(1,	11,	'ATIS',	'ATIS',	'migracia ATIS databaz na novy environment',	'2014-03-05',	'0000-00-00',	'finished'),
(2,	15,	'LCS v.25',	'LCS_v25',	'novy cloud vo Finsku',	'2014-03-05',	'2014-07-01',	'New'),
(3,	0,	'minecraft',	'minecraft',	'Postavit svoj vlastny svet v minecrafte',	'2014-07-28',	'2015-07-28',	'New'),
(4,	11,	'Portigon decommissioning hub',	'PDH',	'',	'2014-08-06',	'2014-08-06',	'finished'),
(5,	16,	'Metrovacesa SQL cluster migration',	'METROVACESA_CLUSTER_MIG',	'cluster migration / upgrade from SQL 2005 to SQL2008 from database point of view and from Windows 2003 to 2008 from platform point of view',	'2014-10-08',	'2014-10-08',	'New');

DROP TABLE IF EXISTS `tblcustomer_project_comments`;
CREATE TABLE `tblcustomer_project_comments` (
  `comment_id` int(11) NOT NULL AUTO_INCREMENT,
  `project_id` int(11) NOT NULL,
  `comment` tinytext,
  `date_added` datetime NOT NULL,
  PRIMARY KEY (`comment_id`)
) ENGINE=InnoDB DEFAULT CHARSET=utf8;

INSERT INTO `tblcustomer_project_comments` (`comment_id`, `project_id`, `comment`, `date_added`) VALUES
(1,	2,	'testovaci komentar k projektu',	'2014-03-06 17:31:18'),
(2,	2,	'general team miting with project manager',	'2014-03-10 13:38:11');

DROP TABLE IF EXISTS `tblcustomer_project_tasks`;
CREATE TABLE `tblcustomer_project_tasks` (
  `task_id` tinyint(11) NOT NULL AUTO_INCREMENT,
  `project_id` int(5) NOT NULL,
  `task_text` text NOT NULL COMMENT 'text tasku',
  `task_status` varchar(15) NOT NULL,
  `task_priority` varchar(10) NOT NULL,
  `task_created` datetime NOT NULL,
  `task_finished` datetime NOT NULL COMMENT 'darum ukoncenia tasku',
  `task_planed_date` date NOT NULL COMMENT 'datum ked ma byt task spraveny',
  PRIMARY KEY (`task_id`)
) ENGINE=MyISAM DEFAULT CHARSET=utf8;

INSERT INTO `tblcustomer_project_tasks` (`task_id`, `project_id`, `task_text`, `task_status`, `task_priority`, `task_created`, `task_finished`, `task_planed_date`) VALUES
(7,	2,	'dalsi testovaci task',	'void',	'high',	'2014-03-08 11:02:01',	'2014-09-07 16:06:45',	'2014-03-08'),
(6,	2,	'testovaci task',	'void',	'low',	'2014-03-08 11:01:30',	'2014-03-08 16:22:22',	'2014-04-26'),
(8,	2,	'a este jeden testovaci task',	'void',	'high',	'2014-03-08 11:02:26',	'2014-09-07 16:06:42',	'2014-03-25'),
(9,	2,	'installation of the MOE instance',	'new',	'normal',	'2014-09-07 16:07:02',	'0000-00-00 00:00:00',	'0000-00-00'),
(10,	2,	'installation of SEPM instance',	'new',	'normal',	'2014-09-07 16:07:26',	'0000-00-00 00:00:00',	'0000-00-00'),
(11,	2,	'installation of VC_MGMT instance',	'new',	'normal',	'2014-09-07 16:07:52',	'0000-00-00 00:00:00',	'0000-00-00'),
(12,	2,	'installation of VC_DC12 instance',	'new',	'normal',	'2014-09-07 16:08:02',	'0000-00-00 00:00:00',	'0000-00-00'),
(13,	2,	'support documentation',	'new',	'normal',	'2014-09-07 16:08:12',	'0000-00-00 00:00:00',	'0000-00-00'),
(14,	2,	'testing result documents to be send to ingrid',	'new',	'normal',	'2014-09-07 16:08:51',	'0000-00-00 00:00:00',	'0000-00-00'),
(15,	2,	'modify installation documentation',	'new',	'normal',	'2014-09-07 16:09:14',	'0000-00-00 00:00:00',	'0000-00-00'),
(16,	2,	'installation and confirguration the database for FIVASQL001\\VCENTER_MGMT',	'new',	'normal',	'2014-09-09 14:25:58',	'0000-00-00 00:00:00',	'0000-00-00'),
(17,	5,	'split cluster into 2 separate nodes',	'new',	'normal',	'2014-10-08 22:03:58',	'0000-00-00 00:00:00',	'0000-00-00'),
(18,	5,	'ensure the applications are still running',	'new',	'normal',	'2014-10-08 22:06:30',	'0000-00-00 00:00:00',	'0000-00-00'),
(19,	5,	'reinstall node 01 with Windows 2008 R2',	'new',	'normal',	'2014-10-08 22:07:53',	'0000-00-00 00:00:00',	'0000-00-00'),
(20,	5,	'Add node 01 to the cluster ',	'new',	'normal',	'2014-10-08 22:08:37',	'0000-00-00 00:00:00',	'0000-00-00'),
(21,	5,	'install SQL cluster on node 01 and create instance MVC',	'new',	'normal',	'2014-10-08 22:09:15',	'0000-00-00 00:00:00',	'0000-00-00'),
(22,	5,	'restore all databases',	'new',	'normal',	'2014-10-08 22:09:28',	'0000-00-00 00:00:00',	'0000-00-00'),
(23,	5,	'import logins and roles',	'new',	'normal',	'2014-10-08 22:09:54',	'0000-00-00 00:00:00',	'0000-00-00'),
(24,	5,	'fix orphan users',	'new',	'normal',	'2014-10-08 22:10:09',	'0000-00-00 00:00:00',	'0000-00-00'),
(25,	5,	'start application servers',	'new',	'normal',	'2014-10-08 22:10:23',	'0000-00-00 00:00:00',	'0000-00-00'),
(26,	5,	'GO / NO GO',	'new',	'normal',	'2014-10-08 22:10:50',	'0000-00-00 00:00:00',	'0000-00-00'),
(27,	5,	'reinstall node 02 with Windows 2008 R2',	'new',	'normal',	'2014-10-08 22:11:32',	'0000-00-00 00:00:00',	'0000-00-00'),
(28,	5,	'add node 02 into cluster',	'new',	'normal',	'2014-10-08 22:11:45',	'0000-00-00 00:00:00',	'0000-00-00'),
(29,	5,	'add node 02 into SQL cluster',	'new',	'normal',	'2014-10-08 22:12:01',	'0000-00-00 00:00:00',	'0000-00-00');

DROP TABLE IF EXISTS `tblcustomer_tasks`;
CREATE TABLE `tblcustomer_tasks` (
  `TaskID` int(6) NOT NULL AUTO_INCREMENT,
  `cust_id` int(11) NOT NULL COMMENT 'id zakaznika, ak 0 ide o vseobecny task',
  `task_customer` varchar(50) DEFAULT NULL,
  `task_title` varchar(200) DEFAULT NULL,
  `task_text` mediumtext,
  `task_priority` varchar(10) CHARACTER SET utf8 COLLATE utf8_slovak_ci NOT NULL,
  `date_created` date DEFAULT NULL,
  `start_task_date` date DEFAULT NULL,
  `date_expiration` date DEFAULT NULL,
  `task_status` varchar(15) CHARACTER SET utf8 COLLATE utf8_bin NOT NULL,
  PRIMARY KEY (`TaskID`)
) ENGINE=InnoDB DEFAULT CHARSET=utf8;

INSERT INTO `tblcustomer_tasks` (`TaskID`, `cust_id`, `task_customer`, `task_title`, `task_text`, `task_priority`, `date_created`, `start_task_date`, `date_expiration`, `task_status`) VALUES
(1,	5,	'REXAM',	NULL,	'odpovedat Davovi',	'normal',	'2013-06-06',	NULL,	'2013-06-16',	'Completed'),
(2,	6,	'KPMG',	NULL,	'problem s negativnym task spid ',	'normal',	'2013-06-06',	NULL,	'2013-06-16',	'Completed'),
(3,	3,	'Luvata',	NULL,	'licencie pre SQLka',	'normal',	'2013-06-10',	NULL,	'2013-06-20',	'Completed'),
(4,	0,	'Ine',	NULL,	'kupit vrtaky',	'normal',	'2013-06-10',	NULL,	'2013-06-20',	'Completed'),
(5,	2,	'TRADEKA',	NULL,	'novy SQL test server',	'normal',	'2013-06-11',	NULL,	'2013-06-21',	'Completed'),
(6,	0,	'ITELLA',	NULL,	'kontaktovat Janiho Westerlinga',	'normal',	'2013-06-19',	NULL,	'2013-06-29',	'Completed'),
(7,	12,	'Record Bank',	NULL,	'prejst vsetky Alfa, Beta, Gamma servre a skontrlovat ESAR',	'normal',	'2010-07-01',	NULL,	'2010-07-09',	'Completed'),
(8,	13,	'FIM',	NULL,	'Monthly inputs',	'normal',	'2010-07-06',	NULL,	'2010-07-07',	'Completed'),
(9,	4,	'Gasunie',	NULL,	'rfc 0035813',	'normal',	'2010-07-06',	NULL,	'2010-07-15',	'Completed'),
(10,	13,	'FIM',	NULL,	'MTP MS SQL 2008 servers 309,483,711 / 309,483,738 / 309,483,728',	'normal',	'2010-07-06',	NULL,	'2010-07-12',	'Completed'),
(11,	14,	'Henkel',	NULL,	'Arrival notice for ticket 000000002375042',	'normal',	'2010-07-06',	NULL,	'2010-07-09',	'Completed'),
(12,	12,	'Record Bank',	NULL,	'Move the databases located at RBWDBRB1 to a new location',	'normal',	'2010-07-12',	NULL,	'2010-07-17',	'Completed'),
(13,	12,	'Record Bank',	NULL,	'install patch kb970892  on rbwvisg1.rb01.hp.record.intranet rbwvisg2.rb01.hp.record.intranet',	'normal',	'2010-07-13',	NULL,	'2010-07-31',	'Completed'),
(14,	4,	'Gasunie',	NULL,	'Add servers GUD1A467 and GUD1P556 into production',	'normal',	'2010-07-15',	NULL,	'2010-07-15',	'Completed'),
(15,	12,	'Record Bank',	NULL,	'add root casue to my problem ticket',	'normal',	'2010-08-19',	NULL,	'2010-08-19',	'Completed'),
(16,	0,	'Development',	NULL,	'pozriet http://samjlevy.com/samtodo/demo/index.php?go=main.default',	'normal',	'2010-08-23',	NULL,	'2010-08-23',	'Completed'),
(17,	3,	'Luvata',	NULL,	'check Citrix database on VANSR023',	'normal',	'2010-10-25',	NULL,	'2010-10-29',	'Completed'),
(18,	0,	'SQL Server',	NULL,	'sqlmgmproviderxpsp2up.mof',	'normal',	'2010-10-26',	NULL,	'2010-10-26',	'Completed'),
(19,	0,	'SQL Server',	NULL,	'eameh370636_adm',	'normal',	'2010-10-26',	NULL,	'2010-10-27',	'Completed'),
(20,	0,	'SQL Server',	NULL,	'MOP - ca-s1006-ms2.adroot.local',	'normal',	'2010-10-27',	NULL,	'2010-10-27',	'Completed'),
(21,	0,	'SQL Server',	NULL,	'low disk space on guvmt571.gasunie.nl ',	'normal',	'2010-11-15',	NULL,	'2010-11-26',	'Completed'),
(22,	4,	'Gasunie',	NULL,	'monitoring at gud2p832.extranet.local a gud2p831.extranet.local',	'normal',	'2010-09-22',	NULL,	'2010-09-23',	'Completed'),
(23,	4,	'Gasunie',	NULL,	'setup monitoring to be generated P1 cases for failed jobs',	'normal',	'2010-09-22',	NULL,	'2010-09-23',	'Completed'),
(24,	0,	'Platform',	NULL,	'create accountsfor Henkel',	'normal',	'2010-10-12',	NULL,	'2010-10-15',	'Completed'),
(25,	12,	'Record Bank',	NULL,	'huge transaction log for mirrored database Virtual Center',	'normal',	'2010-10-18',	NULL,	'2010-10-22',	'Completed'),
(26,	4,	'Gasunie',	NULL,	'monitoring for gud1a844.extranet.local , gud2a844.extranet.local  - apminfo.xml',	'normal',	'2010-10-26',	NULL,	'2010-10-26',	'Completed'),
(27,	4,	'Gasunie',	NULL,	'apminfo.xml pre gud1p864.extranet.local and gud2p864.extranet.local',	'normal',	'2010-10-20',	NULL,	'2010-10-22',	'Completed'),
(28,	4,	'Gasunie',	NULL,	'gud2p540.gasunie.nl apminfo nakonfigurovat',	'normal',	'2010-10-14',	NULL,	'2010-10-14',	'Completed'),
(29,	14,	'Henkel',	NULL,	'sql rtpa na server defrasv-imed01',	'normal',	'2010-10-19',	NULL,	'2010-10-22',	'Completed'),
(30,	15,	NULL,	NULL,	'informovat antiho malkiho o Catalinovom replacemente',	'normal',	'2014-02-04',	NULL,	'2014-02-09',	'pending'),
(31,	11,	NULL,	NULL,	'premiestnit dokumentaciu z jedneho linku na druhy',	'normal',	'2014-02-04',	NULL,	'2014-02-09',	'Completed'),
(32,	11,	NULL,	NULL,	'vybrat kanditata pre virtualizaciu',	'normal',	'2014-02-04',	NULL,	'2014-02-09',	'pending'),
(33,	11,	NULL,	NULL,	'Treba davat pozor na incidenty',	'normal',	'2014-02-06',	NULL,	'2014-02-11',	'Completed'),
(34,	11,	NULL,	NULL,	'dokumentacia',	'normal',	'2014-02-25',	NULL,	'2014-03-07',	'Completed'),
(35,	11,	NULL,	NULL,	'sledovat incidenty na tyzdennej baze',	'high',	'2014-03-13',	NULL,	'2014-03-23',	'Completed'),
(36,	3,	NULL,	NULL,	'cauko ... prosim ta dosiel nam ticket z  vansr004.ld.local ze \"NTIIS028: Cannot register the URL prefix \'HYPERLINK \"http://*:83/\'%20for%20site%20\'213070490\"http://*:83/\' for site \'213070490\'. The necessary network binding may already be in use. The site has been deactivated. The data field contains the error number.\" .',	'high',	'2014-03-17',	NULL,	'2014-03-27',	'Completed'),
(37,	10,	NULL,	NULL,	'fixing ESL:\r\n',	'normal',	'2014-03-19',	NULL,	'2014-03-29',	'pending'),
(38,	11,	NULL,	NULL,	'organize migration of RMAN database',	'high',	'2014-03-19',	NULL,	'2014-03-29',	'Completed'),
(39,	16,	NULL,	NULL,	'E-PM00038327',	'high',	'2014-03-20',	NULL,	'2014-03-30',	'pending'),
(40,	11,	NULL,	NULL,	'migration of RMAN DB',	'low',	'2014-03-24',	NULL,	'2014-05-24',	'Completed'),
(41,	11,	NULL,	NULL,	'maintenance plan na najblizsie 3 mesiace',	'high',	'2014-03-27',	NULL,	'2014-04-06',	'Completed'),
(42,	9,	NULL,	NULL,	'skontrolovat backupy na  helmeidb36.palvelu.hus.fi',	'high',	'2014-03-28',	NULL,	'2014-04-07',	'Completed'),
(43,	11,	NULL,	NULL,	'patching of Dusv0239',	'normal',	'2014-03-31',	NULL,	'2014-04-10',	'Completed'),
(44,	10,	NULL,	NULL,	'Fix ESL',	'high',	'2014-04-01',	NULL,	'2014-04-11',	'pending'),
(45,	9,	NULL,	NULL,	'husbtsdb15T treba pridad to clustru',	'high',	'2014-04-06',	NULL,	'2014-04-16',	'Completed'),
(46,	9,	NULL,	NULL,	'fix dbspi for hussccmcs01.hus.fi and hussccmps02.hus.fi',	'normal',	'2014-04-07',	NULL,	'2014-04-17',	'Completed'),
(47,	16,	NULL,	NULL,	'FREE DISK SPACE ON \'E:\' MVCWEBDB01 DATA LOWER THAN THRESHOLD 10.0% (4607.69 MB)',	'normal',	'2014-04-08',	NULL,	'2014-04-18',	'Completed'),
(48,	16,	NULL,	NULL,	'We need to create the new “METRONET_DEV” database as a replica of our current METRONET database.\r\n',	'normal',	'2014-04-08',	'0000-00-00',	'2014-04-18',	'Completed'),
(49,	11,	NULL,	NULL,	'ziskat feedback na vlasta od chalanov z BTV',	'normal',	'2014-04-05',	NULL,	'2014-04-30',	'Completed'),
(50,	9,	NULL,	NULL,	'vytvorit plan na instalaciu SQLka akonahle customer da approval na instalaciu clusteru a SQLka',	'normal',	'2014-04-10',	NULL,	'2014-04-20',	'Completed'),
(51,	11,	NULL,	NULL,	'check LONS0386 - Database Backups / Log',	'normal',	'2014-04-11',	NULL,	'2014-04-21',	'Completed'),
(52,	11,	NULL,	NULL,	'Create access for DUSVC0028',	'high',	'2014-04-22',	NULL,	'2014-05-02',	'Completed'),
(53,	20,	NULL,	NULL,	'cchelidb2.elisanam.nam consumes a lot memory, need to be adapted',	'high',	'2014-05-21',	NULL,	'2014-05-31',	'Completed'),
(54,	11,	NULL,	NULL,	'DUSOVR02 - pre-migration requirement',	'normal',	'2014-05-28',	NULL,	'2014-06-07',	'Completed'),
(55,	3,	NULL,	NULL,	'-	We have SQL server vansql02.ld.local, with high memory peaks. For the others SQL servers there was a 5% of memory reserved. Should we apply this solution here?\r\n-	We had capacity related incidents for vansql01.ld.local - FREE DISKSPACE ON F , H :\\. Would you please check these and take necessary actions\r\n',	'normal',	'2014-06-05',	NULL,	'2014-06-15',	'Completed'),
(56,	15,	NULL,	NULL,	'SQL server build documentation',	'high',	'2014-06-30',	NULL,	'2014-07-10',	'in progress'),
(57,	11,	NULL,	NULL,	'Please stop the Oracle databases TLMV1P and TLMV2P on dusu0216. \r\n\r\n',	'normal',	'2014-07-15',	NULL,	'2014-07-30',	'Completed'),
(58,	11,	NULL,	NULL,	'[WLB] duss0866 and duss0968 decommission | DB/SAP',	'normal',	'2014-07-17',	'0000-00-00',	'2014-08-01',	'Completed'),
(59,	15,	NULL,	NULL,	'Update the ESL',	'high',	'2014-07-23',	NULL,	'2014-08-02',	'new'),
(60,	9,	NULL,	NULL,	'SWS Problem Ticket for Server husbtsdb98.hus.fi / E-IM013721454',	'normal',	'2014-07-28',	NULL,	'2014-08-07',	'new'),
(61,	9,	NULL,	NULL,	'fix routing of cases comming to Wintel L1 instead of DB L1 ',	'high',	'2014-08-14',	NULL,	'2014-08-24',	'new'),
(62,	11,	NULL,	NULL,	'Find out which application belongs to BCBPRD1',	'normal',	'2014-08-22',	NULL,	'2014-09-01',	'new'),
(63,	11,	NULL,	NULL,	'Status Check/Update of Operational Manuals CMO',	'normal',	'2014-09-18',	NULL,	'2014-09-28',	'new'),
(64,	11,	NULL,	NULL,	' Technology RoadMap Review/Update required',	'high',	'2014-09-29',	NULL,	'2014-10-09',	'new'),
(65,	16,	NULL,	NULL,	'documentation for a new SQL cluster',	'high',	'2014-10-02',	NULL,	'2014-10-12',	'new');

DROP TABLE IF EXISTS `tblcustomer_tasks_comments`;
CREATE TABLE `tblcustomer_tasks_comments` (
  `task_id` int(5) NOT NULL,
  `id` int(5) NOT NULL AUTO_INCREMENT,
  `cust_id` int(5) NOT NULL,
  `comment` text COLLATE utf8_slovak_ci NOT NULL,
  `date_created` datetime NOT NULL,
  PRIMARY KEY (`id`)
) ENGINE=InnoDB DEFAULT CHARSET=utf8 COLLATE=utf8_slovak_ci;

INSERT INTO `tblcustomer_tasks_comments` (`task_id`, `id`, `cust_id`, `comment`, `date_created`) VALUES
(33,	1,	0,	'musim najst efektivnu cestu ako monitorovat incidenty pre jednotlive servre',	'2014-03-13 10:54:39'),
(34,	2,	0,	'treba doplnit k celkovej dokumentacii aj dokumentaciu ako dedomisnovast databazu.',	'2014-03-14 10:37:46'),
(37,	3,	0,	'\r\nHi Thomas,\r\n\r\nPlease check the attached instances and populate what is missing in ESL. \r\nThank you very much for your support\r\n\r\nBR,\r\nVioleta\r\n',	'2014-03-19 09:23:39'),
(42,	4,	0,	'treba zrejme nastavit nejaku rozumnu retenciu',	'2014-03-28 08:54:47'),
(42,	5,	0,	'boli zmazane backupy do 28.2',	'2014-03-28 08:57:02'),
(43,	6,	0,	'dovod preco potrebujeme opatchovat tento server je kopec incidentov sa valiacich z tohto servra',	'2014-03-31 16:05:35'),
(43,	7,	0,	'platforma bude tento server najblizsie patchovat 5.6. 2014 ale je zrejme,ze sa tento datum presunie na 6.4.2014',	'2014-03-31 16:06:23'),
(43,	8,	0,	'poziadal som platformu o presny datum patchingu',	'2014-03-31 16:07:21'),
(45,	9,	0,	'treva vypytat servisny account',	'2014-04-06 21:19:57'),
(45,	10,	0,	'treba pozriet ako sa pridava v SQLku druha noda do clustru',	'2014-04-06 21:20:30'),
(45,	11,	0,	'vytvorit WO pre GOC na instalaciu SQLka na tuto nodu, potrebujeme binarky',	'2014-04-06 21:21:12'),
(46,	12,	0,	'Hello,\r\n\r\nYou are delivery instance owner for SQL Server instances on nodes hussccmcs01.hus.fi, hussccmps01.hus.fi and hussccmps02.hus.fi. Based on ESL. \r\n\r\nESL instance status is Green/100% for instances on hussccmcs01.hus.fi and hussccmps02.hus.fi, but some information is missing for hussccmps01.hus.fi.\r\n\r\nI also checked that DBMON/DBSPI is ordered for nodes but it’s not configured. Can you check status for SQL Server instances on mentioned nodes?\r\n',	'2014-04-07 10:33:46'),
(47,	13,	0,	'Disk  has been extended to 90GB as requested.\r\n\r\nAlex\r\n',	'2014-04-08 07:38:28'),
(45,	14,	0,	'verzia SQLka : 10.50.1600.1	RTM	Enterprise Edition (64-bit)',	'2014-04-08 08:28:51'),
(45,	15,	0,	'instalacky SQLka su na C:\\Asennus\\SQL... na servri husbtsdb14T.',	'2014-04-08 08:58:13'),
(45,	16,	0,	'prisiel email som servisnymi accountami',	'2014-04-08 13:45:28'),
(45,	17,	0,	'platformovy team musi pridat nodu do clustru, potom sa moze intalovat SQLko.',	'2014-04-09 07:27:15'),
(45,	18,	0,	'test',	'2014-04-09 09:29:50'),
(51,	19,	0,	'problem s pristupom na server bol vyrieseny',	'2014-04-16 23:51:34'),
(51,	20,	0,	'zakaznik pozaduje investigaciu preco transakcny log rastol tak radikalne.',	'2014-04-16 23:52:20'),
(51,	21,	0,	'transakcny log bol zmenseny na prijatelnu uroven, backupy boli nastavene',	'2014-04-23 09:44:07'),
(43,	22,	0,	'server bol opatchovany uspesne napriek reportovanej chybe.',	'2014-05-05 10:05:13'),
(53,	23,	0,	'nemam pristup do domeny',	'2014-05-21 14:47:19'),
(55,	24,	0,	'For VANSQL01 I don\'t have sufficient rights',	'2014-06-10 14:36:03'),
(55,	25,	0,	'I have connected to vansql02.ld.local and recognized no memory peaks. SQL server has reserved 24 GB and total memory is 32 GB. So I see no reason for further actions',	'2014-06-10 15:04:53'),
(59,	26,	0,	'ppu-sim01.ppu.local\r\nppu-vcenter5.ppu.local\r\nppu-vcenter5rs.ppucloud.local\r\nppu-vcenter5rs.ppucloud.local\r\n',	'2014-07-28 13:52:59'),
(48,	27,	0,	'      This METRONET database is now located in the SQL2005 cluster:\r\n\r\n-           MVCSQLCLUSTER\\MVC with IP 172.21.100.102\r\n\r\n                Servers belonging to this cluster are:\r\n\r\n-          mvcsql02             172.21.100.52\r\n-          mvcsql01             172.21.100.51\r\n\r\nWe ask to restore the last backup available as a new database named METRONET_DEV\r\n',	'2014-10-02 23:28:55');

DROP TABLE IF EXISTS `tblfile_library`;
CREATE TABLE `tblfile_library` (
  `file_id` int(11) NOT NULL AUTO_INCREMENT,
  `file_title` varchar(200) COLLATE utf8_slovak_ci NOT NULL,
  `file_name` varchar(100) COLLATE utf8_slovak_ci NOT NULL,
  `file_size` int(20) NOT NULL,
  `file_type` varchar(20) COLLATE utf8_slovak_ci NOT NULL,
  `file_ext` varchar(10) COLLATE utf8_slovak_ci NOT NULL,
  `file_path` varchar(255) COLLATE utf8_slovak_ci NOT NULL,
  `file_added` datetime NOT NULL,
  `file_description` text COLLATE utf8_slovak_ci,
  PRIMARY KEY (`file_id`)
) ENGINE=InnoDB DEFAULT CHARSET=utf8 COLLATE=utf8_slovak_ci;

INSERT INTO `tblfile_library` (`file_id`, `file_title`, `file_name`, `file_size`, `file_type`, `file_ext`, `file_path`, `file_added`, `file_description`) VALUES
(1,	'',	'non-avatar_32.jpg',	1263,	'image/jpeg',	'',	'non-avatar_32.jpg',	'0000-00-00 00:00:00',	''),
(2,	'',	'project.ico',	1150,	'image/x-ic',	'',	'project.ico',	'0000-00-00 00:00:00',	''),
(3,	'',	'project_customer_add.php',	4552,	'applicatio',	'',	'project_customer_add.php',	'0000-00-00 00:00:00',	''),
(4,	'',	'facebox.js',	9181,	'',	'file_ext',	'facebox.js',	'0000-00-00 00:00:00',	''),
(5,	'',	'Chart.min.js',	19761,	'applicatio',	'js',	'Chart.min.js',	'0000-00-00 00:00:00',	''),
(6,	'',	'',	0,	'',	'',	'',	'2014-08-20 14:08:23',	''),
(7,	'',	'',	0,	'',	'',	'',	'2014-08-20 14:08:58',	''),
(8,	'eucharistia',	'eucharistia.doc',	59392,	'application/msword',	'doc',	'eucharistia.doc',	'2014-08-20 14:08:15',	''),
(9,	'',	'',	0,	'',	'',	'',	'2014-08-20 14:08:01',	''),
(10,	'HUS patching',	'HUS_20140626_hus_sql_tehdas2_dynasty_360_muutokset_Implementation Plan_v   .docx',	15484,	'application/vnd.open',	'docx',	'HUS_20140626_hus_sql_tehdas2_dynasty_360_muutokset_Implementation Plan_v   .docx',	'2014-08-20 14:08:08',	'');

DROP TABLE IF EXISTS `tblpasswords`;
CREATE TABLE `tblpasswords` (
  `PassID` int(11) NOT NULL AUTO_INCREMENT,
  `cust_id` int(5) NOT NULL COMMENT 'foreign key z tblcustomers',
  `group_name` varchar(20) COLLATE utf8_slovak_ci NOT NULL,
  `system_name` varchar(30) COLLATE utf8_slovak_ci NOT NULL,
  `user_name` varchar(30) COLLATE utf8_slovak_ci NOT NULL,
  `password` varchar(30) COLLATE utf8_slovak_ci NOT NULL,
  `category` varchar(15) COLLATE utf8_slovak_ci NOT NULL,
  `url` varchar(100) COLLATE utf8_slovak_ci DEFAULT NULL,
  `description` text COLLATE utf8_slovak_ci,
  `date_added` date NOT NULL,
  PRIMARY KEY (`PassID`),
  KEY `cust_id` (`cust_id`),
  CONSTRAINT `tblpasswords_ibfk_1` FOREIGN KEY (`cust_id`) REFERENCES `tblcustomers` (`cust_id`)
) ENGINE=InnoDB DEFAULT CHARSET=utf8 COLLATE=utf8_slovak_ci;

INSERT INTO `tblpasswords` (`PassID`, `cust_id`, `group_name`, `system_name`, `user_name`, `password`, `category`, `url`, `description`, `date_added`) VALUES
(1,	17,	'HP',	'EWM',	'Tomas Misura',	'Gandalf931',	'Business',	'',	'',	'0000-00-00'),
(2,	17,	'HP',	'bruhop01',	'hpbtvmito',	'Curufin915',	'Business',	'',	'Numico, Eural , Kone',	'0000-00-00'),
(3,	0,	'myself',	'subtitles.cz',	'tomas_misura@yahoo.com',	'XX8XRIOCE3',	'Private',	'http://www.subtitles.cz',	'',	'0000-00-00'),
(4,	0,	'myself',	'trancetraffic',	'tmisura',	'curufin919',	'Private',	'www.trancetraffic.com',	'',	'0000-00-00'),
(5,	0,	'myself',	'Kone.com',	'hpbtomi',	'Gandalf916',	'Business',	'',	'',	'0000-00-00'),
(6,	21,	'NACAB',	'CABSRV domain',	'P-Misurat',	'Gandalf919',	'Bussines',	'',	'Cita-NACAB',	'0000-00-00'),
(7,	21,	'NACAB',	'REOOMC domain',	'misurat',	'Gandalf918',	'Business',	'',	'',	'0000-00-00'),
(8,	0,	'myself',	'GNFMBDOM1 domain',	'misura_t',	'Curufin915',	'Business',	'',	'',	'0000-00-00'),
(9,	24,	'myself',	'Syngenta Clarify',	'misurat',	'Gandalf915',	'Business',	'',	'',	'0000-00-00'),
(10,	17,	'HP',	'OVSD',	'Tomas Misura',	'ashabat$$$',	'Business',	'',	'',	'0000-00-00'),
(11,	0,	'myself',	'SourceBank',	'tomas_misura@yahoo.com',	'ashabat',	'Private',	'http://archive.devx.com/sourcebank/account.asp',	'',	'0000-00-00'),
(12,	23,	'Norske Skog',	'Norske Skog',	'hpmonitor',	'%EIRE4bbn1',	'Business',	'',	'Norske Skog',	'0000-00-00'),
(13,	0,	'myself',	'HDO domain',	'CONMTO',	'Gandalf915',	'Business',	'',	'A.P. Mueler account, conenction via bruterm',	'0000-00-00'),
(14,	0,	'myself',	'Face Analyzer',	'tmisura',	'ashabat',	'Private',	'http://www.faceanalyzer.com',	'Face analyzer',	'0000-00-00'),
(15,	0,	'myself',	'Skill Matrix',	'soitron_asmisura',	'Curufin919',	'Business',	'\\soitron.svk.hp.comOMCskill_matrix',	'skill matrix',	'0000-00-00'),
(16,	17,	'HP',	'BRIOSC domain',	'misura',	'Toma$.pa$$w0rd3',	'Business',	'',	'connect via sd2auth filrewall and via ts1 server',	'0000-00-00'),
(17,	17,	'HP',	'HPSOD domain',	'misura',	'Thoma$.pa$$w0rd1',	'Business',	'',	'OMC Germany',	'0000-00-00'),
(18,	0,	'myself',	'EPDOM domain',	'hp_tomi',	'Curufin916',	'Business',	'',	'Wartsila - connect directly from notebook to 15.187.97.98',	'0000-00-00'),
(19,	6,	'KPMG',	'KPMG domain',	'go-svcclarify',	'2JR517A37J',	'Business',	'',	'connect to 10.208.4.22 first',	'0000-00-00'),
(20,	0,	'myself',	'Insites',	'tomas_misura@yahoo.com',	'Curufin915',	'Private',	'panel.insites.be',	'Insites',	'0000-00-00'),
(21,	0,	'myself',	'Mafiatic.com',	'tomas_misura@yahoo.com',	'curufin918',	'Private',	'http://www.mafiatic.com/',	'Favorite movie? LOR',	'0000-00-00'),
(22,	0,	'myself',	'Oracle Downloads',	'tmisura',	'r0GrxAEj',	'Business',	'',	'Oracles downloads',	'0000-00-00'),
(23,	0,	'myself',	'Renault',	'jp00101',	'jp00101',	'Business',	'https://fc115.omc.emea.hp.com/index.html',	'Customer Renault-volnay, after first logon on mentioned link',	'0000-00-00'),
(24,	24,	'myself',	'EAME domain',	'u164962-adm',	'Toma$.pa$$w0rd',	'Business',	'',	'I can change it on the server chbsmgmt01....',	'0000-00-00'),
(25,	17,	'HP',	'ESL',	'misura',	'Ashabat',	'Business',	'http://system_name,list.bbn.hp.com:7777/pls/eslp/esl.info',	'ESL - servers database',	'0000-00-00'),
(27,	0,	'myself',	'Whisper ICP database',	'N/A',	'5UN5H1NE',	'Business',	'',	'',	'0000-00-00'),
(28,	21,	'NACAB',	'NACAB',	'misurat',	'Gandalf918',	'Business',	'',	'NACAB Clarify',	'0000-00-00'),
(29,	21,	'NACAB',	'NACAB Whisper',	'N/A',	'doorknocker',	'Business',	'',	'',	'0000-00-00'),
(30,	0,	'myself',	'ZonaTracker',	'gandalf',	'Curufin915',	'Private',	'http://www.zonatracker.com',	'BitTorrent',	'0000-00-00'),
(31,	0,	'myself',	'Norske Skog1',	'nts-admin',	'wgha100%bt',	'Business',	'',	'Norske Skog , another account',	'0000-00-00'),
(32,	0,	'myself',	'CibaSC domain',	'op-MisuraTo',	'Newciba001',	'Business',	'',	'Gandalf915',	'0000-00-00'),
(33,	0,	'myself',	'3dgamers',	'tomas_misura@yahoo.com',	'ashbat',	'Private',	'https://v3.gamespyid.com/3dg/',	'',	'0000-00-00'),
(34,	0,	'myself',	'BladeKonsole1',	'NTBrussels',	' 	 zaq123WSX',	'Business',	'',	'Kone Blade console center',	'0000-00-00'),
(36,	0,	'myself',	'BELOSCHPW1 domain',	'hpbtomi',	'Fingolfin920',	'Business',	'',	'Deilotte',	'0000-00-00'),
(37,	17,	'HP',	'NTHOP domain',	'hpstomi',	'Curufin930930',	'Business',	'',	'',	'0000-00-00'),
(38,	0,	'myself',	'HOKT_DOM domain',	'hpbtomi',	'TomasMIsura1',	'Business',	'',	'OK petrol customer',	'0000-00-00'),
(39,	0,	'myself',	'FLEX domain',	'HP_btv_gen_second',	'Bratis4!',	'Business',	'',	'AMCOR',	'0000-00-00'),
(40,	17,	'HP',	'Freddy1',	'N/A',	'uhji@234',	'Business',	'http://zwvbyte.brussels.hp.com/fred/',	'freddy2',	'0000-00-00'),
(41,	0,	'myself',	'dochadzka',	'tmisura',	'Ashabat963',	'Business',	'',	'',	'0000-00-00'),
(42,	0,	'myself',	'FL domain',	'HP_btv_gen_second@fl.d',	'Hbrat2Pfl.d',	'Business',	'',	'AMCOR',	'0000-00-00'),
(43,	0,	'myself',	'Perudow.NET',	'tmisura',	'ashabat',	'Private',	'http://www.perudow.net',	'Perudow.NET',	'0000-00-00'),
(44,	0,	'myself',	'Pandora.cz',	'tomas_misura@yahoo.com',	'ashabat',	'Private',	'http://www.panzora.cz',	'Konferencia',	'0000-00-00'),
(45,	18,	'ING',	'BR domain',	'hpbtomi',	'5thPa55w0rd',	'Business',	'',	'ING bank',	'0000-00-00'),
(46,	0,	'myself',	'nloschpng01',	'hpngmisura',	'Gandalf918',	'Business',	'',	'SaraLee, Citrix hope,nwgauth firewall domain controller for SLC-DE domain is sldeng001.de.saralee.com',	'0000-00-00'),
(47,	17,	'HP',	'R2',	'tmisura',	'Curufin922',	'Business',	'',	'Incident report',	'0000-00-00'),
(48,	0,	'myself',	'SLC-DE domain',	'tomas.misura',	'Gandalf917',	'Business',	'',	'SaraLee domain sldeng001.de.saralee.com - DC',	'0000-00-00'),
(49,	0,	'myself',	'SL-DE domain',	'hpadminto tblPasswords mi',	'Helpdesk01',	'Business',	'',	'Saralee domain',	'0000-00-00'),
(50,	0,	'myself',	'Isohunt',	'tmisura',	'ashabat',	'Private',	'http://isohunt.com',	'torrents',	'0000-00-00'),
(51,	0,	'myself',	'GUIStuff',	'tmisura',	'ashabat',	'Private',	'http://www.guistuff.com',	'interfaces',	'0000-00-00'),
(52,	0,	'myself',	'Programmers Heaven',	'tmisura',	'us92131',	'Private',	'http://www.programmersheaven.com',	'Developers site',	'0000-00-00'),
(53,	0,	'myself',	'RBAMOUSER domain2',	'sxmisurt',	'Gandalf915',	'Business',	'',	'ROCHE - my password',	'0000-00-00'),
(54,	0,	'myself',	'CodeProject',	'tomas_misura@yahoo.com',	'ashabat',	'Private',	'http://www.codeproject.com',	'Developer site',	'0000-00-00'),
(55,	0,	'myself',	'FC Petrzalka',	'tmisura',	'Gandalf915',	'Private',	'http://www.fcartmedia.sk/',	'FC Petrzalka webpage',	'0000-00-00'),
(56,	0,	'myself',	'AR Dev Comutity',	'tmisura',	'ashabat',	'Private',	'http://www.remedy.com/customers/dev_community/',	'community for Action remedy developing',	'0000-00-00'),
(57,	0,	'myself',	'Navyfield.com',	'tmisura',	'ashabat',	'Private',	'http://www.navyfield.com/',	'',	'0000-00-00'),
(58,	0,	'myself',	'EMEA domain',	'misura',	'Gandalf915',	'Business',	'',	'',	'0000-00-00'),
(59,	0,	'myself',	'Repliwebjob',	'u160251',	'eFiViSuW',	'Business',	'',	'account na vytvaranie repliwebjobu(ov)',	'0000-00-00'),
(60,	0,	'myself',	'Inzercia.sk',	'tmisura',	'395590',	'Private',	'http://www.inzercia.sk',	'',	'0000-00-00'),
(61,	0,	'myself',	'diskusie.sme.sk',	'tmisura',	'mjAw9aEbt3',	'Private',	'http://diskusie.sme.sk',	'',	'0000-00-00'),
(62,	0,	'myself',	'WKS domain',	'misura',	'Gandalf916',	'Business',	'',	'LHOIST',	'0000-00-00'),
(63,	0,	'myself',	'NET domain',	'wataout2l',	'Bratis4!',	'Business',	'',	'EURAL',	'0000-00-00'),
(64,	0,	'myself',	'sharepoint.cz',	'tmisura',	'D4?|G@+*',	'Private',	'http://www.sharepoint.cz',	'portal concerning of sharepoint (CZ and EN lang0',	'0000-00-00'),
(65,	0,	'myself',	'SourceForge.NET',	'tmisura',	'ashabat',	'Private',	'http://Sourceforge.NET',	'Sourceforge.NET - developers site - open source projects ',	'0000-00-00'),
(66,	0,	'myself',	'Tatov mail',	'miuurovx',	'pyesczuu',	'Private',	'',	'mixurovg21@dsl.stonline.sk mkpzsplp',	'0000-00-00'),
(67,	0,	'myself',	'IBASMW2K domain',	'misura',	'Gandalf916',	'Business',	'',	'In Health',	'0000-00-00'),
(68,	0,	'myself',	'techrepublic.com',	'tomas_misura@yahoo.com',	'ashabat',	'Private',	'http://techrepublic.com.com',	'Microsoft stuff - Whitepapers',	'0000-00-00'),
(69,	0,	'myself',	'LIT domain',	'misura',	'Gandalf917',	'Business',	'',	'LHOIST',	'0000-00-00'),
(70,	0,	'myself',	'EUA domain',	'besoliawataout2l',	'Bratis4!',	'Business',	'',	'SOLVAY',	'0000-00-00'),
(71,	0,	'myself',	'Tronet domain',	'tmisura',	'Gandalf930',	'Business',	'https://webmail.soitron.sk',	'',	'0000-00-00'),
(72,	0,	'myself',	'RIB cards on ICP',	'Admin',	'01ribmgmt',	'Business',	'',	'',	'0000-00-00'),
(73,	17,	'HP',	'local password',	'hpguest',	'Gandalf915',	'Business',	'',	'',	'0000-00-00'),
(74,	0,	'myself',	'DevNet.sk',	'tmisura',	'Gandalf915',	'Private',	'http://www.devnet.sk',	'Devnet - developers network',	'0000-00-00'),
(75,	0,	'myself',	'eggheadcaffe.com',	'tomas_misura@yahoo.com',	'Gandalf915',	'Private',	'eggheadcaffe.com',	'diskusne forum pre programatorov',	'0000-00-00'),
(76,	0,	'myself',	'http://msd2d',	'tmisura',	'Gandalf915',	'Private',	'http://msd2d.com/',	'sharepoint stuff',	'0000-00-00'),
(77,	0,	'myself',	'microsoft live',	'tomas_misura@yahoo.com',	'Gandalf917',	'Private',	'',	'Q:Mother Birthplace A: Trencin',	'0000-00-00'),
(78,	0,	'myself',	'EPM02 domain',	'wataout2l',	'Bratis4!',	'Business',	'',	'norske skog',	'0000-00-00'),
(79,	0,	'myself',	'PINS',	'N/A',	'unPW%ld',	'Private',	'',	'NT 2nd line password database',	'0000-00-00'),
(80,	4,	'Gasunie',	'GASUNIE domain',	'HP60528',	'Thomas=smart2',	'Business',	'',	'hp60323\r\nalesJEHOMO1\r\nGASUNIE domain',	'0000-00-00'),
(81,	3,	'Luvata',	'ld.local domain',	'_HPTomMis',	'Gandalf9$7',	'Business',	'',	'Luvata customer - LD domain',	'0000-00-00'),
(82,	0,	'myself',	'Amcor',	'ThMisura ',	'ThMi2723',	'Business',	'',	'Amcor customer',	'0000-00-00'),
(83,	0,	'myself',	'APAPRD1',	'wataout2l',	'Bratis4!',	'Business',	'',	'AEGON bank',	'0000-00-00'),
(84,	0,	'myself',	'RRCM domain',	'hpbtomi',	'R0lc3R0yc3',	'Business',	'',	'Rolce Royce',	'0000-00-00'),
(85,	0,	'myself',	'SQL Central',	'tomas_misura@yahoo.com',	'Gandalf915',	'Private',	'http://www.sqlservercentral.com',	'SQK server stuff',	'0000-00-00'),
(86,	0,	'myself',	'2torrents',	'tmisura',	'Gandalf915',	'Private',	'http://2torrents.com',	'Bittorrents',	'0000-00-00'),
(87,	0,	'myself',	'Demonoid',	'tmisura',	'88zmitk3lu6o',	'Private',	'',	'',	'0000-00-00'),
(88,	0,	'myself',	'Techspot',	'tmisura',	'Gandalf915',	'Private',	'http://www.techspot.com',	'TechSpot OpenBoards',	'0000-00-00'),
(89,	0,	'myself',	'Internal',	'ADM_HP',	'S00tySh0w',	'Business',	'',	'LLoyds, login via ts2',	'0000-00-00'),
(90,	0,	'myself',	' Fulldls.com',	'tmisura',	'Gandalf915',	'Private',	'http://www.Fulldls.com',	'',	'0000-00-00'),
(91,	17,	'HP',	'HP systemhomepage',	'EAMEu164962-adm',	'Curuifn916',	'Business',	'',	'',	'0000-00-00'),
(92,	0,	'myself',	'LogMeIn',	'tomas.misura@zoznam.sk',	'Gandalf915',	'Private',	'',	'',	'0000-00-00'),
(93,	0,	'myself',	'zoznam.sk',	'tomas.misura@zoznam.sk',	'Gandalf915',	'Private',	'',	'mail',	'0000-00-00'),
(94,	13,	'FIM',	'ADROOT domain',	'FHP118',	'Gandalf935---',	'Business',	'',	'FORTIS investments',	'0000-00-00'),
(95,	0,	'myself',	'Event ID',	'hp@soitron.sk',	'PW4hp01',	'Business',	'http://www.eventid.net',	'knowledge base',	'0000-00-00'),
(96,	0,	'myself',	'BOC',	'misura',	'Curufin920',	'Business',	'',	'BOC,T0m4s2006! -is initial password, username misura',	'0000-00-00'),
(97,	0,	'myself',	'LR.COM',	'STMMTS',	'Pw4lloyds',	'Business',	'',	'LLoyds Register',	'0000-00-00'),
(98,	0,	'myself',	'FTIL domain',	'TOMI',	'password',	'Business',	'',	'FUJI',	'0000-00-00'),
(99,	0,	'myself',	'Lotus Notes',	'TOMI',	'lotusnotes',	'Business',	'',	'FUJI - lotus notes account',	'0000-00-00'),
(100,	0,	'myself',	'Service Desk',	'TOMI',	'welkom',	'Business',	'',	'FUJI  - Alternative password: Welcome',	'0000-00-00'),
(101,	13,	'FIM',	'OVO browser',	'FORTIS',	'fortis_rtp',	'Business',	'',	'galanne.osdgre.external.hp.com',	'0000-00-00'),
(102,	0,	'myself',	'EUTRADEOMC domain',	'misura',	'1qaz123WSX',	'Business',	'',	'GNFMBDOM1 domain replacement',	'0000-00-00'),
(103,	0,	'myself',	'quest software',	'tomas_misura@yahoo.com',	'Gandalf915',	'Private',	'http://www.quest.com/sql_server/',	'Spotlight for MSSQL server',	'0000-00-00'),
(104,	0,	'myself',	'The PirateBay',	'tmisura',	'Gandalf915',	'Private',	'htttp://thepiratebay.com',	'',	'0000-00-00'),
(105,	0,	'myself',	'ucb_unicorn ',	'HPBTOMI',	'cytec07',	'Business',	'',	'',	'0000-00-00'),
(106,	0,	'myself',	'ATLASCOPCO domain',	'hpToMi',	'Welcome01',	'Business',	'',	'Atlas Copco',	'0000-00-00'),
(107,	13,	'FIM',	'FIM sa',	'sa',	'thetis',	'Business',	'',	'super admin password',	'0000-00-00'),
(108,	0,	'myself',	'OSR Online',	'tomas_misura@yahoo.com',	'Gandalf915',	'Private',	'http://www.osronline.com',	'',	'0000-00-00'),
(109,	13,	'FIM',	'FIM - dba',	'tu_DBA',	'data8ase',	'Business',	'',	'technical account',	'0000-00-00'),
(110,	0,	'myself',	'gotFusion',	'tmisura',	'Gandalf915',	'Private',	'http://www.gotfusion.com',	'Discussion forum',	'0000-00-00'),
(111,	0,	'myself',	'Jet Outage',	'btv-nt',	'Bratis4!',	'Business',	'',	'',	'0000-00-00'),
(112,	17,	'myself',	'Jet Admin',	'fim',	'f5imjet',	'Business',	'',	'',	'0000-00-00'),
(113,	17,	'HP',	'ERM account',	'hpethmis',	'W%/6!OO4',	'Business',	'',	'',	'0000-00-00'),
(114,	0,	'myself',	'SQL education',	'tmisura',	'15d4f91ddacf40',	'Private',	'http://education.sqlfarms.com/',	'',	'0000-00-00'),
(115,	13,	'FIM',	'FIM webmail',	'BE-GM-G-500366',	'Dbms1Dbms1',	'Business',	'https://eumail.fortisinvestments.com/Exchange/',	'FIM Webmail',	'0000-00-00'),
(116,	0,	'myself',	'Tek-tips',	'tmisura',	'Gandalf916',	'Private',	'http://www.tek-tips.com/',	'Forum',	'0000-00-00'),
(117,	13,	'FIM',	'FIM - RILO',	'cpqrib2001',	'45ab56cd',	'Business',	'',	'ILO/RILO default account',	'0000-00-00'),
(118,	0,	'myself',	'Jet Admin2',	'Fortis',	'jet4tis',	'Business',	'',	'JET admin',	'0000-00-00'),
(119,	0,	'myself',	'EUA domain - 3rd line',	'btvsoliatomis',	'Gandalf924',	'Business',	'',	'',	'0000-00-00'),
(120,	17,	'HP',	'IT resource center',	'BR957355',	'ashabat9',	'Business',	'http://www5.itrc.hp.com/service/home/home.do',	'Comprehensive software, hardware, and network support information and tools to help you manage your multivendor computing environment.',	'0000-00-00'),
(121,	0,	'myself',	'UCB-CORP domain',	'HPBTOMI',	'tnJ6GyLs',	'Business',	'',	'UCB',	'0000-00-00'),
(122,	13,	'FIM',	'QuoteVision service',	'tu_fr_cdscredit',	'quotevision',	'Business',	'',	'QuoteVision service installed on fr-s0015-vs2',	'0000-00-00'),
(123,	13,	'FIM',	'SercurePath',	'NA',	'Curufin921',	'Business',	'',	'be-s0221 securepath',	'0000-00-00'),
(124,	0,	'myself',	'peanutkb',	'root',	'root',	'Private',	'http://localhost/peanutkb',	'PeanutKB',	'0000-00-00'),
(125,	0,	'myself',	'UKSBIUNIVERSAL',	'misurat',	'WelcomeTomas01!',	'Business',	'',	'valid also for local administrator (non-domain)',	'0000-00-00'),
(126,	0,	'myself',	'Joomla',	'admin',	'vsgEyeFU',	'Private',	'http://localhost/joommla',	'',	'0000-00-00'),
(127,	0,	'myself',	'joomla-deme',	'tmisura',	'Gandalf915',	'Private',	'',	'',	'0000-00-00'),
(128,	0,	'myself',	'MYSQL',	'tomas_misura@zoznam.sk',	'Gandalf915',	'Private',	'http://www.myslq.com',	'',	'0000-00-00'),
(129,	0,	'myself',	'IIS recources',	'tmisura',	'Gandalf915',	'Private',	'http://www.iis-resources.com',	'',	'0000-00-00'),
(130,	13,	'FIM',	'DsGate Datastrem',	'tu_dsgate_pro',	'$Fortis2004',	'Business',	'',	'',	'0000-00-00'),
(131,	13,	'FIM',	'ftp.be.fimgroup',	'XFBtransfer',	'XFBtr5nsf3r',	'Business',	'ftp.be.fimgroup',	'',	'0000-00-00'),
(132,	13,	'FIM',	'FIMHOP domain',	'fhp118.fhp',	'Gandalf929',	'Business',	'',	'',	'0000-00-00'),
(133,	0,	'myself',	'GameCodex',	'tmisura',	'Gandalf915',	'Private',	'www.gamecodex.net',	'',	'0000-00-00'),
(134,	13,	'FIM',	'Local Admin',	'administrator',	'halogene',	'Business',	'',	'',	'0000-00-00'),
(135,	17,	'HP',	'NTB local admin',	'hpadmin',	'Hp669599A!L*',	'Business',	'',	'',	'0000-00-00'),
(136,	0,	'myself',	'mycokezone.sk',	'tomix',	'n594wb7d',	'Private',	'www.mycokezone.sk',	'',	'0000-00-00'),
(137,	13,	'FIM',	'Local admin 2',	'Administrator',	'Digital',	'Business',	'',	'',	'0000-00-00'),
(138,	0,	'myself',	'NUCLEUS',	'HPAdmin',	'W1ck3d$upp0rt',	'Business',	'',	'local admin account',	'0000-00-00'),
(139,	0,	'myself',	'ACCDOM domain',	'tmix03hp-Radmin',	'Gandalf939',	'Business',	'',	'',	'0000-00-00'),
(140,	11,	'myself',	'WestLB login',	'HPQ0855_SA',	'Gandalf931',	'Business',	'',	'',	'0000-00-00'),
(141,	0,	'myself',	'MySQL home',	'root',	'ashabat',	'Private',	'',	'',	'0000-00-00'),
(142,	12,	'Record Bank',	'RB01 domain',	'hpstomi',	'Gandalf940',	'Business',	'',	'',	'0000-00-00'),
(143,	17,	'HP',	'OMC domain',	'misura',	'Gandalf950',	'Business',	'',	'',	'0000-00-00'),
(144,	0,	'myself',	'otec internet',	'mipuradw53@comfortpro',	'mipuradw53@comfortpro',	'Private',	'',	'',	'0000-00-00'),
(145,	0,	'myself',	'TestKing',	'tomas_misura@yahoo.com',	'ashabat',	'Private',	'https://www.testking.com',	'',	'0000-00-00'),
(146,	0,	'myself',	'Testking online',	'tomas_misura@yahoo.com',	'Gandal9',	'Private',	'http://www.testkingcert.com/home.php',	'TestKing Test King TestKing Download',	'0000-00-00'),
(147,	14,	'Henkel',	'DEDOM001 domain',	'damisura',	'Gandalf935',	'Business',	'',	'',	'0000-00-00'),
(148,	0,	'myself',	'SHARK computers',	'tomix',	'Gandalf915',	'Private',	'www.shark.sk',	'',	'0000-00-00'),
(149,	0,	'myself',	'PALFINGER domain',	'misura_adm',	'Gandalf931',	'Business',	'',	'',	'0000-00-00'),
(150,	4,	'Gasunie',	'EXTERNAL domain',	'HP60528',	'Thomas=smart1',	'Business',	'',	'',	'0000-00-00'),
(151,	0,	'myself',	'Paypal',	'tomas_misura@yahoo.com',	'Gandalf930',	'Private',	'www.paypal.com/sk',	'Q: who is your favorite historical person A: Caesar Q: who is your favorite author? A: Tolkien',	'0000-00-00'),
(152,	12,	'Record Bank',	'NET/promrecordbank',	'promrecordbank',	'a1b2$c3d4',	'Business',	'',	'Service account under which SQL servers are running',	'0000-00-00'),
(153,	0,	'myself',	'Extreme Wrestling',	'tomix',	'Gandalf915',	'Private',	'http://xtremewrestlingtorrents.net/',	'Wrestling',	'0000-00-00'),
(154,	14,	'Henkel',	'cluster account',	'DEDOM001passclus',	'5%$F!Owj(php',	'Business',	'',	'',	'0000-00-00'),
(156,	13,	'FIM',	'FIM - RILO1',	'Hpadmin',	'hpfimpwd!',	'Business',	'',	'',	'0000-00-00'),
(157,	0,	'myself',	'kailloxen@yahoo.com',	'kailloxen@yahoo.com',	'Gandalf915',	'Private',	'',	'',	'0000-00-00'),
(158,	13,	'FIM',	'Service accout for UK servers',	'tu_sqllondon_pro',	'Wh4t3v3rf0ry0u',	'Business',	'',	'',	'0000-00-00'),
(159,	0,	'myself',	'Pravda.sk',	'tomix',	'Gandalf915',	'Private',	'www.pravda.sk',	'',	'0000-00-00'),
(160,	0,	'myself',	'tmisura',	'tmisura',	'ashabat',	'Private',	'',	'MO',	'0000-00-00'),
(161,	0,	'myself',	'kailloxen',	'kailloxen',	'ashabat',	'Private',	'',	'NY',	'0000-00-00'),
(162,	0,	'myself',	'morava',	'morava',	'740315',	'Private',	'',	'MO',	'0000-00-00'),
(164,	0,	'myself',	'vbdotnetheaven.com',	'tmisura',	'Gandalf915',	'Private',	'http://www.vbdotnetheaven.com/',	'',	'0000-00-00'),
(165,	0,	'myself',	'bigharold',	'bigharold',	'platoon1',	'Private',	'',	'MO',	'0000-00-00'),
(166,	1,	'Betafence',	'BETAFENCE domain',	'hp_tomi',	'Gandalf940',	'Bussiness',	'',	'',	'0000-00-00'),
(167,	0,	'myself',	'phplinkchecker',	'Admin',	'admin',	'Private',	'http://localhost/phpLinkCheck',	'',	'0000-00-00'),
(168,	4,	'Gasunie',	'RS service account',	'BTS_PH13_PSYS',	'Gandalf915',	'Bussiness',	'',	'',	'0000-00-00'),
(173,	17,	'HP',	'SECURECH domain',	'misura',	'Gandalf940',	'Business',	'',	'SYNGENTA, SUNRISE',	'0000-00-00'),
(174,	3,	'Luvata',	'local account',	'hpadmin',	'Luv&ta2008',	'Business',	'',	'',	'0000-00-00'),
(175,	24,	'myself',	'EAME domain',	't683963-adm',	'Gandalf940',	'Business',	'',	'',	'0000-00-00'),
(176,	24,	'myself',	'SYNEBIZ domain',	' synebizhptmisura',	'Toma$.pa$$w0rd',	'Business',	'',	'',	'0000-00-00'),
(179,	0,	'myself',	'Paypal',	'tomas.misura@zoznam.sk',	'Toma$.pa$$w0rd',	'Private',	'www.paypal.com/sk',	'',	'0000-00-00'),
(180,	5,	'Rexam',	'GLOBAL domain',	'tmisuraxx',	'Budapest123',	'Business',	'',	'',	'0000-00-00'),
(181,	14,	'Henkel',	'local account for defrasv380',	'Administrator',	'Henkel123',	'Business',	'',	'',	'0000-00-00'),
(182,	0,	'myself',	'main password',	'tmisura',	'Gandalf915',	'Private',	'http://cc.atlantis.sk',	'',	'0000-00-00'),
(183,	0,	'myself',	'FTP',	'tmisura.sk',	'Gandalf915',	'Private',	'ftp.tmisura.sk',	'',	'0000-00-00'),
(184,	0,	'myself',	'tmisurask1 databaza',	'db24384',	'Gandalf915',	'Private',	'',	'Postup pripojenia k databáze z externého zdroja:\r\nK MySQL serveru sa pripája cez SSL šifrované spojenie na port 33060 konkrétneho servera (www.tmisura.sk).\r\nPre vytvorenie šifrovaného tunela môžete použi? program WinSSL Wrap (k stiahutiu na www.tahaj.sk) pre Window',	'0000-00-00'),
(185,	14,	'Henkel',	'CHDOM01 domain',	'damisura',	'Gandalf939',	'Business',	'',	'',	'0000-00-00'),
(186,	0,	'myself',	'blog.pravda.sk',	'tomix',	'etG)NYs))e5U',	'Private',	'',	'',	'0000-00-00'),
(187,	0,	'myself',	'http://db51.websupport.sk/',	'metis_gojiberries_sk',	'gojiberries9812',	'Private',	'http://db51.websupport.sk/',	'',	'0000-00-00'),
(188,	0,	'myself',	'ftp.gojiberries.sk',	'gojiberries.sk',	'YTOKaQHOhXO',	'Private',	'ftp.gojiberries.sk',	'',	'0000-00-00'),
(189,	0,	'myself',	'moneybooker.com',	'tmisura@gmail.com',	'Toma$.pa$$w0rd',	'Private',	'',	'',	'0000-00-00'),
(190,	0,	'myself',	'sme.sk',	'tmisura',	'mjAw9aEbt3',	'Private',	'diskusie.sme.sk',	'',	'0000-00-00'),
(191,	0,	'myself',	'goji_dev_11514 databaza',	'goji_dev_11514',	'Gandalf915',	'Private',	'http://db50.websupport.sk/index.php?token=cafa720c76515069374be7bc02157797',	'Goji testovacia databaza',	'0000-00-00'),
(192,	0,	'myself',	'SPI domain',	'adminmzbjjr',	'Welcome01',	'Private',	'',	'Connect - \r\nHP - 130.177.83.220  - EMEA domena - bez FW\r\nSWISSWORT 195.160.143.189 - SPI domena',	'0000-00-00'),
(194,	14,	'Henkel',	'Jet Admin',	'henkel_adm',	'krug5jet',	'Business',	'',	'',	'0000-00-00'),
(195,	0,	'myself',	'twitter',	'tmisura',	'Toma$.pa$$w0rd',	'Private',	'https://twitter.com/',	'',	'0000-00-00'),
(196,	4,	'Gasunie',	'Gasunie\\behpbat',	'Gasunie\\behpbat',	'Flitspaal!',	'Private',	'',	'',	'0000-00-00'),
(197,	4,	'Gasunie',	'system account Cubulus',	'GASUNIE\\SQLA640ASYS',	'KerstLampA640A-',	'Business',	'',	'\r\n',	'0000-00-00'),
(198,	0,	'myself',	'Google',	'tmisura@gmail.com',	'Thoma$.pa$$w0rd',	'Private',	'',	'',	'0000-00-00'),
(199,	0,	'myself',	'EnterpriseDB',	'axoloth',	'jChbSfArgX',	'Private',	'https://www.enterprisedb.com',	'',	'0000-00-00'),
(200,	0,	'myself',	'steam1',	'tmisura',	'Gandalf915',	'Private',	'https://store.steampowered.com',	'Steam1 ucet',	'0000-00-00'),
(201,	0,	'myself',	'steam2',	'gorthaursk',	'Gandalf915',	'Private',	'https://store.steampowered.com',	'Steam2 ucet',	'0000-00-00'),
(202,	0,	'myself',	'Adobe ID',	'tmisura@gmail.com',	'Gandalf915',	'Private',	'',	'Adobe ID',	'0000-00-00'),
(203,	0,	'myself',	'Behance',	'tmisura@gmail.com',	'JMMj7tro9exK5xH',	'Private',	'http://www.behance.net/',	'',	'0000-00-00'),
(204,	0,	'myself',	'Facebook.com',	'tomas_misura@yahoo.com',	'YTOKaQHOhXO',	'Private',	'www.facebook.com',	'',	'0000-00-00'),
(205,	0,	'myself',	'slovensko.sk',	'73785404',	'Gandalf915',	'Private',	'slovenko.sk',	'O:Rodne meno matky\r\nO:Krajcikova',	'0000-00-00'),
(206,	0,	'myself',	'tartaruscast.4fan.cz',	'gorthaur_sk',	'KerstLampA640A-',	'Private',	'',	'',	'0000-00-00'),
(207,	17,	'HP',	'Catw',	'21726466',	'Gandalf9$6',	'Business',	'https://g1u2176.austin.hp.com:4102/hps-ic-red(bD1lbiZjPTQwMCZ0PVpIUFNfSUM=)/default.htm',	'',	'0000-00-00'),
(209,	0,	'myself',	'Codepad.com',	'tmisura@gmail.com',	'De9Y3A',	'Private',	'codepad.com',	'',	'0000-00-00'),
(210,	0,	'myself',	'email1',	'eshop@gojiberries.sk',	' Gandalf915',	'Private',	'',	'',	'0000-00-00'),
(211,	5,	'Rexam',	'local admin',	'hpoadmin',	'*IK<9ol.',	'Business',	'',	'',	'0000-00-00'),
(212,	0,	'myself',	'SMGMartin',	'',	'SMG',	'Private',	'',	'minecraft password',	'0000-00-00'),
(213,	0,	'myself',	'vbforums.com',	'tmisura',	'Gandalf915',	'Private',	'www.vbforums.com',	'',	'0000-00-00'),
(214,	0,	'myself',	'raisingcities.com',	'Axoloth_axolothus',	'Gandalf915',	'Private',	'http://www.raisingcities.com',	'Online hra',	'0000-00-00'),
(215,	0,	'myself',	'diskuze.jakspatweb.cz',	'tomix',	'Gandalf915',	'Private',	'http://diskuse.jakpsatweb.cz/',	'',	'0000-00-00'),
(216,	0,	'myself',	'csfd.cz',	'axoloth',	'b4s8t11v',	'Private',	'www.csfd.cz',	'',	'0000-00-00'),
(217,	0,	'myself',	'https://www.bible.com/sk/',	'axoloth',	'Gandalf915',	'Private',	'https://www.bible.com/sk/',	'',	'0000-00-00'),
(218,	0,	'myself',	'martinus.sk',	'tmisura@gmail.com',	' lgmwtsgg',	'Private',	'www.martinus.sk',	'',	'0000-00-00'),
(220,	0,	'myself',	'playstarbound.com',	'tmisura@gmail.com',	'Oeq%@voX',	'Private',	'http://playstarbound.com/',	'',	'0000-00-00'),
(221,	9,	'myself',	'HUS domena',	'EXTHP-misurtho',	'Gandalf9$7',	'Business',	'',	'',	'0000-00-00'),
(222,	0,	'myself',	'admin.websupport.sk',	'tomix',	' j3ZKwdShm2A',	'Private',	'https://admin.websupport.sk',	'websupport',	'0000-00-00'),
(223,	0,	'myself',	'alza.sk',	'tmisura@gmail.com',	'C5kBzF5w',	'Private',	'www.alza.sk',	'internetovy obchod',	'0000-00-00'),
(224,	0,	'myself',	'local admin account',	'Administrator',	'As1maskueltatti',	'Business',	'',	'',	'0000-00-00'),
(225,	0,	'myself',	'marvel heroes',	'axoloth',	'Gandalf915',	'Private',	'marvelheroes.com',	'axoloth',	'0000-00-00'),
(226,	16,	'myself',	'METROVACESA domena',	'dbsupport3',	'Metro2013!',	'Business',	'',	'',	'0000-00-00'),
(227,	0,	'myself',	'http://tojepohoda.cz/',	'tmisura@gmail.com',	'NMd71^4M',	'Private',	'http://tojepohoda.cz/',	'eshop s hrami',	'0000-00-00'),
(228,	0,	'myself',	'devel.cz',	'tomix',	'PHb7y3/]IAFYjf#',	'Private',	'www.devel.cz',	'',	'0000-00-00'),
(229,	0,	'myself',	'Sony Online Entertaiment',	'gorthaursk',	'S0z561u4737p17I',	'Private',	'www.soe.com',	'online games',	'0000-00-00'),
(230,	11,	'myself',	'GSA domain',	'',	'',	'Private',	'',	'connect using http://remconn.omc.hp.com/ -> WLB-DUS-DESKTOP',	'0000-00-00'),
(231,	0,	'myself',	'designmodo.com',	'tomix',	'Lp2f4bWg5FvgbYB',	'Private',	'http://www.designmodo.com',	'webdesign',	'0000-00-00'),
(232,	0,	'myself',	'PHPjabbers Account',	'tomix',	'j[=^_)3S',	'Private',	'http://www.phpjabbers.com/',	'',	'0000-00-00'),
(233,	20,	'myself',	'ELISANAM domain',	'misurto',	'Gandalf915',	'Private',	'',	'',	'0000-00-00'),
(234,	0,	'myself',	'klub.mf.cz',	'sagavax',	'8gN#Yayj',	'Private',	'http://forum.zive.cz',	'',	'0000-00-00'),
(235,	0,	'myself',	'hotscripts.com',	'sagavax',	'c2dI3C9J',	'Private',	'http://www.hotscripts.com',	'skripty',	'2014-06-03'),
(236,	0,	'myself',	'https://www.lyoness.net',	'tmisura@gmail.com',	'11p1o34u02',	'Private',	'https://www.lyoness.net',	'',	'2014-06-04'),
(237,	0,	'myself',	'partnernaurovni.sk',	'tmisura@gmail.com',	'ph6cG2ie',	'Private',	'',	'',	'2014-06-06'),
(238,	0,	'myself',	'openproject.org',	'tomix',	'65GG1uxG',	'Private',	'http://openproject.org',	'project and task manager',	'2014-06-18'),
(239,	0,	'myself',	'https://cloud.agilefant.com/To',	'tmisura@gmail.com',	'Zhsp8qhp',	'Private',	'https://cloud.agilefant.com/Tomix/',	'',	'2014-06-18'),
(240,	0,	'myself',	'http://www.awwwards.com/',	'tmisura',	'Ip7u576r',	'Private',	'',	'',	'2014-06-23'),
(241,	0,	'myself',	'minecraft.gallery',	'axoloth',	'bJdvaG5I',	'Private',	'http://www.minecraft.gallery/',	'minecraft gallery',	'2014-07-05'),
(242,	0,	'myself',	'Yahoo mail',	'tomas_misura',	'M15VVNYh',	'Private',	'mail.yahoo.com',	'',	'2014-07-10'),
(243,	0,	'myself',	'hnonline.sk',	'tmisura@gmail.com',	'Gandalf915',	'Private',	'hnonline.sk',	'kontrolna otazka:\r\nMeno Vasho prveho domaceho zvierata\r\nodpoved:\r\nDingo',	'2014-07-28'),
(244,	0,	'myself',	'planet-source-code.com',	'tomas_misura@yahoo.com',	'Gandalf915',	'Private',	'www.planet-source-code.com',	'Source Code depot',	'2014-07-28'),
(245,	0,	'myself',	'oracle.com',	'tmisura',	'Gandalf915',	'Private',	'http://oracle.com',	'',	'2014-08-06'),
(246,	15,	'PPU-FI',	'FINHLMPCPRD domain',	'hpmisura',	'Gandalf9$7',	'Business',	'',	'',	'2014-08-22'),
(247,	15,	'PPU-FI',	'PPUCLOUD domena',	'MisurTo',	'Gandalf9$7',	'Business',	'',	'',	'2014-09-02'),
(248,	0,	'myself',	'phpjabbers.com',	'tmisura@gmail.com',	'j[=^_)3S',	'Private',	'http://www.phpjabbers.com/',	'',	'2014-09-30'),
(249,	0,	'myself',	'gopay.com',	'tmisura@gmail.com',	'Gandalf9$7',	'Private',	'account.gopay.com',	'platobny system',	'2014-10-04');

DROP TABLE IF EXISTS `tblpass_categories`;
CREATE TABLE `tblpass_categories` (
  `group_id` int(11) NOT NULL AUTO_INCREMENT,
  `group_name` varchar(20) CHARACTER SET utf8 COLLATE utf8_slovak_ci NOT NULL,
  PRIMARY KEY (`group_id`)
) ENGINE=MyISAM DEFAULT CHARSET=latin1;

INSERT INTO `tblpass_categories` (`group_id`, `group_name`) VALUES
(1,	'HP'),
(2,	'Hoping station'),
(3,	'Other'),
(4,	'Kone'),
(5,	'NACAB'),
(6,	'Grenoble'),
(7,	'SYN'),
(8,	'Development'),
(9,	'Norske Skog'),
(10,	'AP Mueler'),
(11,	'Soitron'),
(12,	'BOC'),
(13,	'Wartsila'),
(14,	'KPMG'),
(15,	'Oracle'),
(16,	'Renault'),
(17,	'Lhoist'),
(18,	'Torrents'),
(19,	'Ciba'),
(20,	'Fun'),
(21,	'ROCHE'),
(22,	'Deilotte'),
(23,	'OK'),
(24,	'Amcor'),
(25,	'ING'),
(26,	'SaraLee'),
(27,	'Eural'),
(28,	'Support'),
(29,	'In Health'),
(30,	'Solvay'),
(31,	'Gasunie'),
(32,	'Luvata'),
(33,	'AEGON'),
(34,	'Rolce Royce'),
(35,	'Lloyds'),
(36,	'FIM'),
(37,	'FUJI'),
(38,	'EUTRADEOMC'),
(39,	'UCB'),
(40,	'ATLASCOPCO'),
(41,	'Jet'),
(42,	'PeanutKB'),
(43,	'SBI'),
(44,	'jommla'),
(45,	'NUCLEUS'),
(46,	'WestLB'),
(47,	'Database'),
(48,	'Record Bank'),
(49,	'Henkel'),
(50,	'Palfinger'),
(51,	'NavyField'),
(52,	'Betafence'),
(53,	'Rexam'),
(54,	'HP'),
(55,	'Hoping station'),
(56,	'Other'),
(57,	'Kone'),
(58,	'NACAB'),
(59,	'Grenoble'),
(60,	'SYN'),
(61,	'Development'),
(62,	'Norske Skog'),
(63,	'AP Mueler'),
(64,	'Soitron'),
(65,	'BOC'),
(66,	'Wartsila'),
(67,	'KPMG'),
(68,	'Oracle'),
(69,	'Renault'),
(70,	'Lhoist'),
(71,	'Torrents'),
(72,	'Ciba'),
(73,	'Fun'),
(74,	'ROCHE'),
(75,	'Deilotte'),
(76,	'OK'),
(77,	'Amcor'),
(78,	'ING'),
(79,	'SaraLee'),
(80,	'Eural'),
(81,	'Support'),
(82,	'In Health'),
(83,	'Solvay'),
(84,	'Gasunie'),
(85,	'Luvata'),
(86,	'AEGON'),
(87,	'Rolce Royce'),
(88,	'Lloyds'),
(89,	'FIM'),
(90,	'FUJI'),
(91,	'EUTRADEOMC'),
(92,	'UCB'),
(93,	'ATLASCOPCO'),
(94,	'Jet'),
(95,	'PeanutKB'),
(96,	'SBI'),
(97,	'jommla'),
(98,	'NUCLEUS'),
(99,	'WestLB'),
(100,	'Database'),
(101,	'Record Bank'),
(102,	'Henkel'),
(103,	'Palfinger'),
(104,	'NavyField'),
(105,	'Betafence'),
(106,	'Rexam'),
(107,	'Webhosting'),
(108,	'Swissport'),
(109,	'Swissport'),
(110,	'ENIRO'),
(111,	'Goji');

DROP TABLE IF EXISTS `tblserver_info`;
CREATE TABLE `tblserver_info` (
  `id` int(11) NOT NULL AUTO_INCREMENT,
  `cust_id` int(5) NOT NULL,
  `server_name` varchar(100) CHARACTER SET utf8 NOT NULL,
  `operating_system` varchar(70) CHARACTER SET utf8 NOT NULL,
  `backup_method` varchar(15) COLLATE utf8_slovak_ci NOT NULL,
  `single_cluster` varchar(15) COLLATE utf8_slovak_ci NOT NULL,
  `in_production` varchar(1) COLLATE utf8_slovak_ci NOT NULL,
  `server_status` varchar(10) COLLATE utf8_slovak_ci NOT NULL DEFAULT 'active',
  `mission_critical` varchar(1) COLLATE utf8_slovak_ci DEFAULT NULL,
  `description` text CHARACTER SET utf8,
  `date_added` date NOT NULL,
  `date_updated` date NOT NULL,
  `parent_server` int(11) DEFAULT '0' COMMENT 'vyuzitie pri clustroch... cluster nodes',
  PRIMARY KEY (`id`),
  KEY `cust_id` (`cust_id`),
  CONSTRAINT `tblserver_info_ibfk_1` FOREIGN KEY (`cust_id`) REFERENCES `tblcustomers` (`cust_id`)
) ENGINE=InnoDB DEFAULT CHARSET=utf8 COLLATE=utf8_slovak_ci;

INSERT INTO `tblserver_info` (`id`, `cust_id`, `server_name`, `operating_system`, `backup_method`, `single_cluster`, `in_production`, `server_status`, `mission_critical`, `description`, `date_added`, `date_updated`, `parent_server`) VALUES
(1,	4,	'guoma251.gasunie.nl',	'Windows 2003',	'',	'Single',	'N',	'inactive',	'N',	'',	'0000-00-00',	'0000-00-00',	0),
(2,	4,	'guhkp252.gasunie.nl',	'Windows 2003',	'',	'Single',	'N',	'inactive',	'N',	'',	'0000-00-00',	'0000-00-00',	0),
(3,	4,	'guvmp405.gasunie.nl',	'Windows 2003',	'',	'Single',	'N',	'inactive',	'N',	'',	'0000-00-00',	'0000-00-00',	0),
(4,	4,	'guvmp415.gasunie.nl',	'Windows 2003',	'',	'Single',	'N',	'inactive',	'N',	'',	'0000-00-00',	'0000-00-00',	0),
(5,	4,	'guvmp420.gasunie.nl',	'Windows 2003',	'',	'Single',	'N',	'inactive',	'N',	'',	'0000-00-00',	'0000-00-00',	0),
(6,	4,	'guvmp423.gasunie.nl',	'Windows 2003',	'',	'Single',	'N',	'inactive',	'N',	'',	'0000-00-00',	'0000-00-00',	0),
(7,	4,	'guvmp425.gasunie.nl',	'Windows 2003',	'',	'Single',	'N',	'inactive',	'N',	'',	'0000-00-00',	'0000-00-00',	0),
(8,	4,	'guvmp426.gasunie.nl',	'Windows 2003',	'',	'Single',	'N',	'inactive',	'N',	'',	'0000-00-00',	'0000-00-00',	0),
(9,	4,	'guvma443.gasunie.nl',	'Windows 2003',	'',	'Single',	'N',	'inactive',	'N',	'',	'0000-00-00',	'0000-00-00',	0),
(10,	4,	'guvma447.gasunie.nl',	'Windows 2003',	'',	'Single',	'N',	'inactive',	'N',	'',	'0000-00-00',	'0000-00-00',	0),
(11,	4,	'guvma452.gasunie.nl',	'Windows 2003',	'',	'Single',	'N',	'inactive',	'N',	'',	'0000-00-00',	'0000-00-00',	0),
(12,	4,	'guvma453.gasunie.nl',	'Windows 2003',	'',	'Single',	'N',	'inactive',	'N',	'',	'0000-00-00',	'0000-00-00',	0),
(13,	4,	'guvma454.gasunie.nl',	'Windows 2003',	'',	'Single',	'N',	'inactive',	'N',	'',	'0000-00-00',	'0000-00-00',	0),
(14,	4,	'guvma461.gasunie.nl',	'Windows 2003',	'',	'Single',	'N',	'inactive',	'N',	'',	'0000-00-00',	'0000-00-00',	0),
(15,	4,	'guvma464.gasunie.nl',	'Windows 2003',	'',	'Single',	'N',	'inactive',	'N',	'',	'0000-00-00',	'0000-00-00',	0),
(16,	4,	'guvmt481.gasunie.nl',	'Windows 2003',	'',	'Single',	'N',	'inactive',	'N',	'',	'0000-00-00',	'0000-00-00',	0),
(17,	4,	'guvmt483.gasunie.nl',	'Windows 2003',	'',	'Single',	'N',	'inactive',	'N',	'',	'0000-00-00',	'0000-00-00',	0),
(18,	4,	'guvmt488.gasunie.nl',	'Windows 2003',	'',	'Single',	'N',	'inactive',	'N',	'',	'0000-00-00',	'0000-00-00',	0),
(19,	4,	'guvmt489.gasunie.nl',	'Windows 2003',	'',	'Single',	'N',	'inactive',	'N',	'',	'0000-00-00',	'0000-00-00',	0),
(20,	4,	'gud2a503.gasunie.nl',	'Windows 2003',	'',	'Single',	'N',	'inactive',	'N',	'',	'0000-00-00',	'0000-00-00',	0),
(21,	4,	'gud1p505.gasunie.nl',	'Windows 2003',	'',	'cluster',	'N',	'inactive',	'Y',	'Bussiness Critical server',	'0000-00-00',	'0000-00-00',	0),
(22,	4,	'gud2p505.gasunie.nl',	'Windows 2003',	'',	'cluster',	'N',	'inactive',	'Y',	'',	'0000-00-00',	'0000-00-00',	0),
(23,	4,	'gud2a511.gasunie.nl',	'Windows 2003',	'',	'Single',	'N',	'inactive',	'N',	'',	'0000-00-00',	'0000-00-00',	0),
(24,	4,	'gud2a512.gasunie.nl',	'Windows 2003',	'',	'Single',	'N',	'inactive',	'N',	'',	'0000-00-00',	'0000-00-00',	0),
(25,	4,	'gud1p517.gasunie.nl',	'Windows 2003',	'',	'Single',	'Y',	'incative',	'N',	'',	'0000-00-00',	'0000-00-00',	0),
(26,	4,	'gud2a518.gasunie.nl',	'Windows 2003',	'',	'Single',	'Y',	'incative',	'N',	'',	'0000-00-00',	'0000-00-00',	0),
(27,	4,	'gud1p540.gasunie.nl',	'Windows 2003',	'',	'cluster',	'Y',	'incative',	'N',	'',	'0000-00-00',	'0000-00-00',	0),
(28,	4,	'guvmt563.gasunie.nl',	'Windows 2003',	'',	'Single',	'Y',	'incative',	'N',	'',	'0000-00-00',	'0000-00-00',	0),
(29,	4,	'guvmp575.gasunie.nl',	'Windows 2003',	'',	'Single',	'Y',	'incative',	'N',	'',	'0000-00-00',	'0000-00-00',	0),
(30,	4,	'gud1a620.gasunie.nl',	'Windows 2003',	'',	'Single',	'Y',	'incative',	'N',	'',	'0000-00-00',	'0000-00-00',	0),
(31,	4,	'gud1a621.gasunie.nl',	'Windows 2003 Enterprise x64',	'',	'cluster',	'Y',	'incative',	'N',	'',	'0000-00-00',	'0000-00-00',	0),
(32,	4,	'gud1t628.gasunie.nl',	'Windows 2003',	'',	'Single',	'Y',	'incative',	'N',	'',	'0000-00-00',	'0000-00-00',	0),
(33,	4,	'gud1p630.gasunie.nl',	'Windows 2003',	'',	'Single',	'Y',	'incative',	'N',	'',	'0000-00-00',	'0000-00-00',	0),
(34,	4,	'gud1p631.gasunie.nl',	'Windows 2003',	'',	'Single',	'Y',	'incative',	'N',	'',	'0000-00-00',	'0000-00-00',	0),
(35,	4,	'gud2a811.extranet.local',	'Windows 2003',	'',	'Single',	'Y',	'incative',	'N',	'to mssql server connect from GUD2A841',	'0000-00-00',	'0000-00-00',	0),
(36,	4,	'gud2a812.extranet.local',	'Windows 2003',	'',	'Single',	'Y',	'incative',	'N',	'',	'0000-00-00',	'0000-00-00',	0),
(37,	4,	'gud2a815.extranet.local',	'Windows 2003',	'',	'Single',	'Y',	'incative',	'N',	'',	'0000-00-00',	'0000-00-00',	0),
(38,	4,	'gud2a816.extranet.local',	'Windows 2003',	'',	'Single',	'Y',	'incative',	'N',	'',	'0000-00-00',	'0000-00-00',	0),
(39,	4,	'gud2p831.extranet.local',	'Windows 2003',	'',	'Single',	'Y',	'incative',	'N',	'',	'0000-00-00',	'0000-00-00',	0),
(40,	4,	'gud2p832.extranet.local',	'Windows 2003 Enterprise x64',	'',	'Single',	'Y',	'incative',	'N',	'',	'0000-00-00',	'0000-00-00',	0),
(41,	4,	'gud2p835.extranet.local',	'Windows 2003',	'',	'Single',	'Y',	'incative',	'N',	'',	'0000-00-00',	'0000-00-00',	0),
(42,	4,	'gud2p836.extranet.local',	'Windows 2003',	'',	'Single',	'Y',	'incative',	'N',	'',	'0000-00-00',	'0000-00-00',	0),
(43,	4,	'gud2a841.extranet.local',	'Windows 2003',	'',	'Single',	'Y',	'incative',	'N',	'',	'0000-00-00',	'0000-00-00',	0),
(44,	4,	'gud2a843.extranet.local',	'Windows 2003',	'',	'Single',	'Y',	'incative',	'N',	'',	'0000-00-00',	'0000-00-00',	0),
(45,	4,	'gud2p861.extranet.local',	'Windows 2003',	'',	'Single',	'Y',	'incative',	'N',	'',	'0000-00-00',	'0000-00-00',	0),
(46,	4,	'gud2p863.extranet.local',	'Windows 2003',	'',	'Single',	'Y',	'incative',	'N',	'',	'0000-00-00',	'0000-00-00',	0),
(47,	4,	'gud2p871.extranet.local',	'Windows 2003 Enterprise',	'',	'Single',	'Y',	'incative',	'N',	'',	'0000-00-00',	'0000-00-00',	0),
(48,	0,	'rbsma01.rb01.hp.record.intranet',	'Windows 2003',	'',	'Single',	'Y',	'incative',	'N',	'',	'0000-00-00',	'0000-00-00',	0),
(50,	0,	'rbsma02.rb01.hp.record.intranet',	'Windows 2003',	'',	'Single',	'Y',	'incative',	'N',	'',	'0000-00-00',	'0000-00-00',	0),
(52,	0,	'rbwdcog1.rb01.hp.record.intranet',	'Windows 2003',	'',	'Single',	'Y',	'incative',	'N',	'',	'0000-00-00',	'0000-00-00',	0),
(53,	0,	'rbwdmds1.net.int',	'Windows 2003',	'',	'Single',	'Y',	'incative',	'N',	'',	'0000-00-00',	'0000-00-00',	0),
(54,	0,	'rbwdmds2.net.int',	'Windows 2003',	'',	'Single',	'Y',	'incative',	'N',	'',	'0000-00-00',	'0000-00-00',	0),
(55,	0,	'rbwdocg1.rb01.hp.record.intranet',	'Windows 2003',	'',	'Single',	'Y',	'incative',	'N',	'',	'0000-00-00',	'0000-00-00',	0),
(56,	0,	'rbwexdb1.net.int',	'Windows 2003 Enterprise R2',	'',	'Single',	'Y',	'incative',	'N',	'out of production',	'0000-00-00',	'0000-00-00',	0),
(58,	0,	'rbwexdg1.net.int',	'Windows 2003',	'',	'Single',	'Y',	'incative',	'N',	'',	'0000-00-00',	'0000-00-00',	0),
(60,	0,	'rbwisao1.rb01.hp.record.intranet',	'Windows 2003',	'',	'Single',	'Y',	'incative',	'N',	'',	'0000-00-00',	'0000-00-00',	0),
(61,	0,	'rbworag2.rb01.hp.record.intranet',	'Windows 2003',	'',	'Single',	'Y',	'incative',	'N',	'',	'0000-00-00',	'0000-00-00',	0),
(62,	0,	'rbwpros1.net.int',	'Windows 2003',	'',	'Single',	'Y',	'incative',	'N',	'',	'0000-00-00',	'0000-00-00',	0),
(63,	0,	'rbwpros2.net.int',	'Windows 2003',	'',	'Single',	'Y',	'incative',	'N',	'',	'0000-00-00',	'0000-00-00',	0),
(70,	0,	'rbwsdwa1.rb01.hp.record.intranet',	'Windows 2003',	'',	'Single',	'Y',	'incative',	'N',	'',	'0000-00-00',	'0000-00-00',	0),
(71,	0,	'rbwsmss1.net.int',	'Windows 2003',	'',	'Single',	'Y',	'incative',	'N',	'',	'0000-00-00',	'0000-00-00',	0),
(72,	0,	'rbwvisg1.rb01.hp.record.intranet',	'Windows 2003',	'',	'Single',	'Y',	'incative',	'N',	'',	'0000-00-00',	'0000-00-00',	0),
(73,	0,	'rbwvisg2.rb01.hp.record.intranet',	'Windows 2003',	'',	'Single',	'Y',	'incative',	'N',	'',	'0000-00-00',	'0000-00-00',	0),
(76,	0,	'rbwsdda1.rb01.hp.record.intranet',	'Windows 2003',	'',	'Single',	'Y',	'incative',	'N',	'',	'0000-00-00',	'0000-00-00',	0),
(77,	0,	'rbwsddg1.rb01.hp.record.intranet',	'Windows 2003',	'',	'Single',	'Y',	'incative',	'N',	'',	'0000-00-00',	'0000-00-00',	0),
(79,	4,	'guvmp555.gasunie.nl',	'Windows 2003',	'',	'Single',	'Y',	'incative',	'N',	'',	'0000-00-00',	'0000-00-00',	0),
(80,	0,	'rbwdbna1.net.int',	'Windows 2003 Enterprise x64',	'',	'Single',	'Y',	'incative',	'N',	'',	'0000-00-00',	'0000-00-00',	0),
(83,	0,	'rbwdbnb1.net.int',	'Windows 2003 Enterprise x64',	'',	'Single',	'Y',	'incative',	'N',	'',	'0000-00-00',	'0000-00-00',	0),
(85,	0,	'rbwdbra1.rb01.hp.record.intranet',	'Windows 2003 Enterprise x64',	'',	'Single',	'Y',	'incative',	'N',	'',	'0000-00-00',	'0000-00-00',	0),
(86,	0,	'rbwdbrb1.rb01.hp.record.intranet',	'Windows 2003 Enterprise x64',	'',	'Single',	'Y',	'incative',	'N',	'',	'0000-00-00',	'0000-00-00',	0),
(88,	1,	'bezwvbfapp03.betafence.local',	'Windows 2003',	'',	'Single',	'Y',	'active',	'N',	'',	'0000-00-00',	'2010-06-11',	0),
(91,	1,	'bezwvbfweb01.betafence.local',	'Windows 2003',	'',	'Single',	'Y',	'active',	'N',	'',	'0000-00-00',	'2010-06-11',	0),
(93,	1,	'bezwvbfweb02.betafence.local',	'Windows 2003',	'',	'Single',	'Y',	'active',	'N',	'',	'0000-00-00',	'2010-06-11',	0),
(96,	4,	'gud1p556.gasunie.nl',	'Windows 2003 Enterprise x64',	'',	'Single',	'Y',	'incative',	'N',	'',	'0000-00-00',	'0000-00-00',	0),
(97,	0,	'rbwphoe1.rb01.hp.record.intranet',	'Windows 2003',	'',	'Single',	'Y',	'incative',	'N',	'',	'0000-00-00',	'0000-00-00',	0),
(103,	4,	'gud1a467.gasunie.nl',	'Windows 2003 Server x64',	'',	'Single',	'Y',	'incative',	'N',	'',	'0000-00-00',	'0000-00-00',	0),
(104,	0,	'rbweasb1.rb01.hp.record.intranet',	'Windows 2003',	'',	'Single',	'Y',	'incative',	'N',	'',	'0000-00-00',	'0000-00-00',	0),
(106,	0,	'rbwdbng1.net.int',	'Windows 2003 Enterprise x64',	'',	'Single',	'Y',	'incative',	'N',	'',	'0000-00-00',	'0000-00-00',	0),
(107,	0,	'rbwdbrg1.rb01.hp.record.intranet',	'Windows 2003 Enterprise x64',	'',	'Single',	'Y',	'incative',	'N',	'',	'0000-00-00',	'0000-00-00',	0),
(120,	0,	'defrasv-hzxwsql.de.henkelgroup.net',	'Windows 2003 Server x64',	'',	'Single',	'Y',	'incative',	'N',	'Hazox SQL',	'2010-06-23',	'0000-00-00',	0),
(121,	0,	'defrasv-ldmssql.de.henkelgroup.net',	'Windows 2003 Server x64',	'',	'Single',	'Y',	'incative',	'N',	'Emulex',	'2010-06-23',	'0000-00-00',	0),
(122,	0,	'defrasv370.de.henkelgroup.net',	'Windows 2003',	'',	'Single',	'Y',	'incative',	'N',	'Infoservice',	'2010-06-23',	'0000-00-00',	0),
(123,	0,	'defrasv380.de.henkelgroup.net',	'Windows 2003',	'',	'Single',	'Y',	'incative',	'N',	'Web Services',	'2010-06-23',	'0000-00-00',	0),
(124,	0,	'defrasv382.de.henkelgroup.net',	'Windows 2003',	'',	'Single',	'Y',	'incative',	'N',	'Hyperion',	'2010-06-23',	'0000-00-00',	0),
(125,	0,	'defrasv383.de.henkelgroup.net',	'Windows 2003',	'',	'Single',	'Y',	'incative',	'N',	'Hyperion',	'2010-06-23',	'0000-00-00',	0),
(126,	0,	'defrasvpass11.de.henkelgroup.net',	'Windows 2003 Server x64',	'',	'cluster',	'Y',	'incative',	'N',	'PASS DB Server',	'2010-06-23',	'0000-00-00',	0),
(127,	0,	'defrasvpass12.de.henkelgroup.net',	'Windows 2003 Server x64',	'',	'cluster',	'Y',	'incative',	'N',	'PASS DB Server',	'2010-06-23',	'0000-00-00',	0),
(128,	0,	'defrasvt370.de.henkelgroup.net',	'Windows 2003',	'',	'Single',	'Y',	'incative',	'N',	'Infoservice Development',	'2010-06-23',	'0000-00-00',	0),
(129,	0,	'dehajsv-pcs01.de.henkelgroup.net',	'Windows 2003',	'',	'Single',	'Y',	'incative',	'N',	'PCS',	'2010-06-23',	'0000-00-00',	0),
(130,	3,	'vandb002.ld.local',	'Windows 2003',	'',	'Single',	'Y',	'incative',	'N',	'HFM SQL',	'2010-06-25',	'0000-00-00',	0),
(131,	3,	'vansr006.ld.local',	'Windows 2003',	'',	'Single',	'Y',	'active',	'N',	'EPI server intranet DB',	'2010-06-25',	'0000-00-00',	0),
(132,	3,	'vansr007.ld.local',	'Windows 2003',	'',	'Single',	'Y',	'active',	'N',	'EPI internet DB',	'2010-06-25',	'0000-00-00',	0),
(133,	3,	'vansr010.ld.local',	'Windows 2003',	'',	'Single',	'Y',	'active',	'N',	'HFM SQL test/dev',	'2010-06-25',	'0000-00-00',	0),
(134,	3,	'vansr023.ld.local',	'Windows 2003',	'',	'Single',	'Y',	'active',	'N',	'Opus Capita Banking, Twin Treasury',	'2010-06-25',	'0000-00-00',	0),
(135,	8,	'w3kdhidg01.dcbern.ch',	'Windows 2003 Enterprise x64',	'',	'Single',	'Y',	'active',	'N',	'Customer Databases',	'2010-06-29',	'0000-00-00',	0),
(136,	0,	'rbwscms1.net.int',	'Windows 2003',	'',	'Single',	'Y',	'incative',	'N',	'Sharepoint databases',	'2010-07-01',	'0000-00-00',	0),
(137,	4,	'gud1p660.gasunie.nl',	'Windows 2003',	'',	'Single',	'Y',	'incative',	'N',	'Infrastructure Application',	'2010-07-19',	'0000-00-00',	0),
(138,	4,	'gud2p660.gasunie.nl',	'Windows 2003',	'',	'Single',	'Y',	'incative',	'N',	'Infrastructure Application',	'2010-07-19',	'0000-00-00',	0),
(139,	4,	'gud2t536.gasunie.nl',	'Windows 2003',	'',	'Single',	'Y',	'incative',	'N',	'Extranet Test server',	'2010-08-05',	'0000-00-00',	0),
(140,	4,	'guvmp535.gasunie.nl',	'Windows 2003',	'',	'Single',	'Y',	'incative',	'N',	'Management',	'2010-08-05',	'0000-00-00',	0),
(141,	4,	'guvmp552.gasunie.nl',	'Windows 2003',	'',	'Single',	'Y',	'incative',	'N',	'Business Application',	'2010-08-05',	'0000-00-00',	0),
(142,	4,	'guvmp884.extranet.local',	'Windows 2008 Server R2',	'',	'Single',	'Y',	'incative',	'N',	'Monitoring extranet',	'2010-08-09',	'0000-00-00',	0),
(143,	4,	'gud1a642.gasunie.nl',	'Windows 2003 x64 R2',	'',	'Single',	'Y',	'incative',	'N',	'Business Application',	'2010-08-09',	'0000-00-00',	0),
(144,	4,	'guvmt568.gasunie.nl',	'Windows 2003 x64 R2',	'',	'Single',	'N',	'inactive',	'N',	'GUVMT568/CMO',	'2010-08-09',	'0000-00-00',	0),
(145,	3,	'hfmdb001.ld.local',	'Windows 2003 Enterprise x64',	'',	'Single',	'Y',	'active',	'N',	'HFM',	'2010-08-20',	'0000-00-00',	0),
(146,	3,	'hfmdb002.ld.local',	'Windows 2003 Enterprise x64',	'',	'Single',	'Y',	'active',	'N',	'HFM',	'2010-08-20',	'0000-00-00',	0),
(149,	0,	'defrasv-epromo2.de.henkelgroup.net',	'Windows 2003',	'',	'Single',	'Y',	'incative',	'N',	'ePromo',	'2010-09-08',	'0000-00-00',	0),
(150,	3,	'vanax002.ld.local',	'Windows 2008',	'',	'Single',	'Y',	'active',	'N',	'MS Dynamics AX test',	'2010-09-09',	'0000-00-00',	0),
(151,	4,	'guvmt571.gasunie.nl',	'Windows 2003 Enterprise x64',	'',	'Single',	'Y',	'incative',	'N',	'Business Application',	'2010-09-23',	'0000-00-00',	0),
(153,	4,	'gud1p434.gasunie.nl',	'Windows 2003',	'',	'Single',	'Y',	'incative',	'N',	'ePO',	'2010-09-24',	'0000-00-00',	0),
(154,	4,	'gud1p501.gasunie.nl',	'Windows 2003',	'',	'Single',	'Y',	'incative',	'N',	'ISA',	'2010-09-24',	'0000-00-00',	0),
(155,	4,	'gud2p439.gasunie.nl',	'Windows 2003',	'',	'Single',	'Y',	'incative',	'N',	'ePO',	'2010-10-12',	'0000-00-00',	0),
(156,	4,	'gud1p540.gasunie.nl',	'Windows 2003',	'',	'cluster',	'Y',	'incative',	'N',	'Print cluster node (Safecom)',	'2010-10-13',	'0000-00-00',	0),
(157,	4,	'gud2p540.gasunie.nl',	'Windows 2003',	'',	'cluster',	'Y',	'incative',	'N',	'Print cluster node (Safecom)',	'2010-10-13',	'0000-00-00',	0),
(158,	4,	'guvmt572.gasunie.nl',	'Windows 2003 Enterprise x64',	'',	'Single',	'Y',	'incative',	'N',	'Test',	'2010-10-13',	'0000-00-00',	0),
(159,	3,	'vandb001.ld.local',	'Windows 2003',	'',	'cluster',	'Y',	'active',	'N',	'HFM SQL cluster node',	'2010-10-13',	'0000-00-00',	0),
(160,	4,	'gud1p864.extranet.local',	'Windows 2008 Server R2',	'',	'cluster',	'Y',	'incative',	'N',	'Business Application',	'2010-10-20',	'0000-00-00',	0),
(161,	4,	'gud2p864.extranet.local',	'Windows 2008 Server R2',	'',	'cluster',	'Y',	'incative',	'N',	'Business Application',	'2010-10-20',	'0000-00-00',	0),
(163,	4,	'gud2a621.gasunie.nl',	'Windows 2003 Enterprise x64',	'',	'cluster',	'Y',	'incative',	'N',	'Biztalk 2006 SQL Tracking node',	'2010-10-21',	'0000-00-00',	0),
(164,	0,	'RBWEASG1.rb01.hp.record.intranet',	'Windows 2008 Server R2',	'',	'Single',	'Y',	'incative',	'N',	'Gamma Server',	'2010-11-02',	'0000-00-00',	0),
(173,	0,	'defrasv-imed01.de.henkelgroup.net',	'Windows 2008 Server R2',	'',	'Single',	'Y',	'incative',	'N',	'ISISmed',	'2010-11-08',	'0000-00-00',	0),
(215,	4,	'GUVMT560.gasunie.nl',	'Windows 2003',	'',	'Single',	'Y',	'active',	'N',	'Business Application',	'2010-12-29',	'0000-00-00',	0),
(216,	5,	'gbswidsqldb01.global.rexam.net',	'Windows 2003',	'',	'Single',	'Y',	'active',	'N',	'QAS Citrix',	'2011-01-17',	'0000-00-00',	0),
(217,	6,	'goeapdb05.kworld.kpmg.com',	'Windows 2003',	'',	'cluster',	'Y',	'active',	'Y',	'Amdocs DB Cluster - Production environment',	'2011-01-17',	'0000-00-00',	0),
(218,	6,	'goeapdb06.kworld.kpmg.com',	'Windows 2003',	'',	'cluster',	'Y',	'active',	'Y',	'Amdocs Database cluster',	'2011-01-17',	'0000-00-00',	0),
(219,	4,	'guvmo497.gasunie.nl',	'Windows 2003 Enterprise R2',	'',	'Single',	'Y',	'incative',	'N',	'Business Application',	'2011-01-19',	'0000-00-00',	0),
(220,	4,	'gud2p660.gasunie.nl',	'Windows 2003 Enterprise x64',	'',	'cluster',	'Y',	'incative',	'N',	'Business Application	',	'2011-01-21',	'0000-00-00',	0),
(222,	4,	'gud1p660.gasunie.nl',	'Windows 2003 Enterprise x64',	'',	'cluster',	'Y',	'incative',	'N',	'Business Application',	'2011-01-21',	'0000-00-00',	0),
(223,	5,	'gbswipsqldb01.global.rexam.net',	'Windows 2003 Enterprise x64',	'',	'Single',	'Y',	'incative',	'N',	'SQL Server',	'2011-01-21',	'0000-00-00',	0),
(224,	9,	'helmeidb54.hus.fi',	'Windows 2008 Server R2',	'',	'cluster node',	'N',	'inactive',	'N',	'',	'2014-05-13',	'0000-00-00',	251),
(225,	0,	'husbtsdb15t.hus.fi',	'Windows 2003 Enterprise x64',	'',	'cluster',	'Y',	'active',	'N',	'',	'2014-05-14',	'0000-00-00',	0),
(226,	0,	'husbtsdb14t.hus.fi',	'Windows 2003 Enterprise x64',	'',	'cluster',	'Y',	'active',	'N',	'',	'2014-05-14',	'0000-00-00',	0),
(227,	9,	'helmeidb36.palvelu.hus.fi',	'Windows 2008 Enterprise x64',	'',	'cluster',	'Y',	'active',	'N',	'',	'2014-05-14',	'0000-00-00',	0),
(228,	0,	'helmeicls24.palvelu.hus.fi',	'Windows 2003',	'',	'cluster',	'Y',	'active',	'N',	'',	'2014-05-14',	'0000-00-00',	0),
(229,	0,	'husbtsdb10.hus.fi',	'Windows 2008 Enterprise x64 R2',	'',	'cluster',	'Y',	'active',	'N',	'',	'2014-05-14',	'0000-00-00',	0),
(230,	9,	'husbtsdb11.hus.fi',	'Windows 2008 Server R2',	'',	'cluster',	'Y',	'active',	'N',	'',	'2014-05-14',	'0000-00-00',	0),
(231,	9,	'husbtsdb12.hus.fi',	'Windows 2008 Enterprise x64 R2',	'',	'cluster',	'Y',	'active',	'N',	'',	'2014-05-14',	'0000-00-00',	0),
(232,	0,	'husbtsdb13.hus.fi',	'Windows 2008 Enterprise x64 R2',	'',	'cluster',	'Y',	'active',	'N',	'',	'2014-05-14',	'0000-00-00',	0),
(235,	0,	'cchelidb2.elisanam.nam',	'Windows 2008 Enterprise x64 R2',	'',	'cluster',	'N',	'active',	'N',	'',	'2014-05-21',	'0000-00-00',	0),
(236,	0,	'cchelidbvs1.elisanam.nam',	'Windows 2003 Enterprise R2',	'',	'cluster',	'N',	'active',	'Y',	'',	'2014-05-21',	'0000-00-00',	0),
(237,	0,	'cchifdbclu.elisanam.nam',	'Windows 2008 Server R2',	'',	'Single',	'N',	'active',	'Y',	'',	'2014-05-21',	'0000-00-00',	0),
(238,	0,	'cchifdbvs1.elisanam.nam',	'Windows 2008 Server R2',	'',	'cluster',	'N',	'active',	'Y',	'',	'2014-05-21',	'0000-00-00',	0),
(239,	0,	'cchelidbclu.elisanam.nam',	'Windows 2008 Server R2',	'',	'cluster',	'N',	'active',	'Y',	'',	'2014-05-21',	'0000-00-00',	0),
(240,	9,	'helmeidb55.hus.fi	',	'Windows 2008 Enterprise x64 R2',	'',	'cluster node',	'N',	'active',	'Y',	'',	'2014-05-28',	'0000-00-00',	251),
(241,	0,	'helmeidb54.hus.fi	',	'Windows 2008 Enterprise x64 R2',	'',	'cluster node',	'Y',	'active',	'N',	'',	'2014-05-28',	'0000-00-00',	0),
(242,	0,	'sps2010prod.palvelu.hus.fi',	'Windows 2008 Enterprise x64',	'',	'Single',	'Y',	'active',	'Y',	'',	'2014-06-11',	'0000-00-00',	0),
(243,	9,	'husbtsdb98.hus.fi',	'Windows 2003 Enterprise x64',	'',	'Single',	'Y',	'active',	'N',	'',	'2014-07-28',	'0000-00-00',	0),
(244,	11,	'duss0727.gsa.westlb.net',	'Windows 2003',	'',	'Single',	'Y',	'active',	'Y',	'',	'2014-08-27',	'0000-00-00',	0),
(245,	16,	'mvcwebdb01.metrovacesa.hpecs.net',	'Windows 2003',	'',	'cluster node',	'Y',	'active',	'Y',	'',	'2014-09-10',	'0000-00-00',	246),
(246,	16,	'mvcsqlcluster.metrovacesa.es',	'Windows 2003',	'',	'cluster',	'Y',	'active',	'Y',	'',	'2014-09-10',	'0000-00-00',	0),
(247,	16,	'mvcwebdb02.metrovacesa.hpecs.net',	'Windows 2003',	'',	'cluster node',	'Y',	'active',	'Y',	'',	'2014-09-13',	'0000-00-00',	246),
(248,	16,	'mvcsql01.metrovacesa.hpecs.net',	'Windows 2008 Enterprise x64 R2',	'',	'cluster node',	'Y',	'active',	'Y',	'',	'2014-09-17',	'0000-00-00',	250),
(249,	16,	'mvcsql02.metrovacesa.hpecs.net',	'Windows 2008 Enterprise x64 R2',	'',	'cluster node',	'Y',	'active',	'Y',	'',	'2014-09-17',	'0000-00-00',	250),
(250,	16,	'mvcsql.metrovacesa.es',	'Windows 2008 Enterprise x64 R2',	'',	'cluster',	'Y',	'active',	'Y',	'',	'2014-09-17',	'0000-00-00',	0),
(251,	9,	'helmeicls26.hus.fi',	'Windows 2008 Enterprise x64 R2',	'',	'cluster',	'Y',	'active',	'Y',	'',	'2014-09-17',	'0000-00-00',	0);

DROP TABLE IF EXISTS `tblserver_instances`;
CREATE TABLE `tblserver_instances` (
  `id` int(11) NOT NULL AUTO_INCREMENT,
  `server_id` int(5) NOT NULL,
  `server_name` varchar(50) COLLATE utf8_slovak_ci DEFAULT NULL,
  `instance_info` varchar(50) COLLATE utf8_slovak_ci DEFAULT NULL,
  `instance_name` varchar(30) COLLATE utf8_slovak_ci NOT NULL,
  `instance_type` varchar(10) COLLATE utf8_slovak_ci DEFAULT NULL,
  `instance_technology` varchar(30) COLLATE utf8_slovak_ci DEFAULT NULL,
  `instance_version` varchar(50) COLLATE utf8_slovak_ci DEFAULT NULL,
  `instance_short_note` varchar(100) COLLATE utf8_slovak_ci DEFAULT NULL,
  `date_created` date NOT NULL,
  PRIMARY KEY (`id`),
  KEY `id` (`id`)
) ENGINE=MyISAM DEFAULT CHARSET=utf8 COLLATE=utf8_slovak_ci;

INSERT INTO `tblserver_instances` (`id`, `server_id`, `server_name`, `instance_info`, `instance_name`, `instance_type`, `instance_technology`, `instance_version`, `instance_short_note`, `date_created`) VALUES
(1,	0,	'guoma251.gasunie.nl',	'SharePoint Portal Server (Archipel)',	'GUOMA251/A251A',	'',	NULL,	'SQL 2000',	NULL,	'0000-00-00'),
(2,	0,	'guhkp252.gasunie.nl',	'SharePoint Portal Server (Archipel)',	'GUHKP252/P252A',	'',	NULL,	'SQL 2000',	NULL,	'0000-00-00'),
(3,	0,	'guvmp405.gasunie.nl',	'PiMS Produktie Server',	'GUVMP405/PSQLA',	'',	NULL,	'SQL 2000',	NULL,	'0000-00-00'),
(4,	0,	'guvmp415.gasunie.nl',	'Monitoring (Bambi)',	'GUVMP415/PSQLA',	'',	NULL,	'SQL 2000',	NULL,	'0000-00-00'),
(5,	0,	'guvmp420.gasunie.nl',	'SQL Database Server Produktie',	'GUVMP420PSQLA',	'',	NULL,	'SQL 2000',	NULL,	'0000-00-00'),
(6,	0,	'guvmp423.gasunie.nl',	'DIS produktie databaseserver',	'GUVMP423PSQLA',	'',	NULL,	'SQL 2000',	NULL,	'0000-00-00'),
(7,	0,	'guvmp425.gasunie.nl',	'SharePoint Portal Server (Archipel)',	'GUVMP425PSQLA',	'',	NULL,	'SQL 2000',	NULL,	'0000-00-00'),
(8,	0,	'guvmp426.gasunie.nl',	'MS Project server',	'GUVMP426/PSQLA',	'',	NULL,	'SQL 2000',	NULL,	'0000-00-00'),
(9,	0,	'guvma443.gasunie.nl',	'SQL Database Server Acceptatie',	'GUVMA443ASQLA',	'',	NULL,	'SQL 2000',	NULL,	'0000-00-00'),
(10,	0,	'guvma447.gasunie.nl',	'DIS Acceptatie Server',	'GUVMA447ASQLA',	'',	NULL,	'SQL 2000',	NULL,	'0000-00-00'),
(11,	0,	'guvma452.gasunie.nl',	'PiMS Acceptatie Server',	'GUVMA452ASQLA',	'',	NULL,	'SQL 2000',	NULL,	'0000-00-00'),
(12,	0,	'guvma453.gasunie.nl',	'SharePoint Portal Server (Archipel)',	'GUVMA453ASQLA',	'',	NULL,	'SQL 2000',	NULL,	'0000-00-00'),
(13,	0,	'guvma454.gasunie.nl',	'Monitoring (Bambi)',	'GUVMA454ASQLA',	'',	NULL,	'SQL 2000',	NULL,	'0000-00-00'),
(14,	0,	'guvma461.gasunie.nl',	'Filenet P8 Content Engine',	'GUVMA461',	'',	NULL,	'SQL 2005',	NULL,	'0000-00-00'),
(15,	0,	'guvma464.gasunie.nl',	'Filenet P8 Content Engine',	'GUVMA464ASQLA',	'',	NULL,	'SQL 2005',	NULL,	'0000-00-00'),
(16,	0,	'guvmt481.gasunie.nl',	'Biztalk server',	'GUVMT481T481A',	'',	NULL,	'SQL 2000',	NULL,	'0000-00-00'),
(17,	0,	'guvmt483.gasunie.nl',	'SQL database server Test',	'GUVMT483/TSQLA',	'',	NULL,	'SQL 2000',	NULL,	'0000-00-00'),
(18,	0,	'guvmt488.gasunie.nl',	'PiMS Test Server',	'GUVMT488T/SQLA',	'',	NULL,	'SQL 2000',	NULL,	'0000-00-00'),
(19,	0,	'guvmt489.gasunie.nl',	'SharePoint Portal Server (Archipel)',	'GUVMT489TSQLA',	'',	NULL,	'SQL 2000',	NULL,	'0000-00-00'),
(20,	0,	'gud2a503.gasunie.nl',	'ISA Server (proxy tbv KA)',	'GUD2A503MSFW',	'',	NULL,	'SQL 2000',	NULL,	'0000-00-00'),
(21,	0,	'gud1p505.gasunie.nl',	'BizTalk 2004 SQL (MSC) node',	'GUP505QA/PSQLA',	'',	NULL,	'SQL 2000',	NULL,	'0000-00-00'),
(22,	0,	'gud2p505.gasunie.nl',	'BizTalk 2004 SQL (MSC) node',	'GUP505QB/PSQLB',	'',	NULL,	'SQL 2000',	NULL,	'0000-00-00'),
(23,	0,	'gud2a511.gasunie.nl',	'BizTalk 2004 SQL (MSC) node',	'GUA511QA/ASQLA',	'',	NULL,	'SQL 2000',	NULL,	'0000-00-00'),
(24,	0,	'gud2a512.gasunie.nl',	'BizTalk 2004 SQL (MSC) node',	'GUA511QB/ASQLB',	'',	NULL,	'SQL 2000',	NULL,	'0000-00-00'),
(25,	0,	'gud1p517.gasunie.nl',	'DDS Server Productie',	'GUD1P517/PSQLA',	'',	NULL,	'SQL 2000',	NULL,	'0000-00-00'),
(26,	0,	'gud2a518.gasunie.nl',	'DDS Server Acceptatie',	'GUD2A518ASQLA',	'',	NULL,	'SQL 2000',	NULL,	'0000-00-00'),
(172,	0,	'gud2p540.gasunie.nl',	'Print cluster node (Safecom)',	'GUP540CL04/PSQLA',	'',	NULL,	'SQL 2005',	NULL,	'2010-10-13'),
(28,	0,	'guvmt563.gasunie.nl',	'Extranet Database server',	'GUVMT563TSQLA',	'',	NULL,	'SQL 2000',	NULL,	'0000-00-00'),
(29,	0,	'guvmp575.gasunie.nl',	'Blackberry server',	'GUVMP575/SQLEXPRESS',	'',	NULL,	'SQL 2005',	NULL,	'0000-00-00'),
(30,	0,	'gud1a620.gasunie.nl',	'Biztalk 2006 SQL Tracking node',	'GUA620SQL01/ASQLA',	'',	NULL,	'SQL 2005',	NULL,	'0000-00-00'),
(31,	0,	'gud1a621.gasunie.nl',	'Biztalk 2006 SQL Tracking node',	'GUA621SQL01/ASQLA',	'',	NULL,	'SQL 2005',	NULL,	'0000-00-00'),
(32,	0,	'gud1t628.gasunie.nl',	'BizTalk 2006 SQL Test server',	'GUD1T628/TSQLB',	'',	NULL,	'SQL 2005',	NULL,	'0000-00-00'),
(33,	0,	'gud1p630.gasunie.nl',	'Biztalk 2006 SQL Messagebox node',	'GUP630SQL01/PSQLA',	'',	NULL,	'SQL 2005',	NULL,	'0000-00-00'),
(34,	0,	'gud1p631.gasunie.nl',	'Biztalk 2006 SQL Tracking node',	'GUP631SQL01PSQLA',	'',	NULL,	'SQL 2005',	NULL,	'0000-00-00'),
(35,	0,	'gud2a811.extranet.local',	'GEA/Dialog database cluster node',	'GUA811SQL01ASQLA',	'',	NULL,	'SQL 2005',	NULL,	'0000-00-00'),
(36,	0,	'gud2a812.extranet.local',	'GEA/Dialog database cluster node',	'GUA811SQL02ASQLB',	'',	NULL,	'SQL 2005',	NULL,	'0000-00-00'),
(37,	0,	'gud2a815.extranet.local',	'Nimbus-IM database cluster node',	'GUA815SQL01ASQLA',	'',	NULL,	'SQL 2000',	NULL,	'0000-00-00'),
(38,	0,	'gud2a816.extranet.local',	'Nimbus-IM database cluster node',	'clusternode',	'',	NULL,	'SQL 2000',	NULL,	'0000-00-00'),
(39,	0,	'gud2p831.extranet.local',	'GEA/Dialog database cluster node',	'GUP831SQL01PSQLA',	'',	NULL,	'SQL 2005',	NULL,	'0000-00-00'),
(40,	0,	'gud2p832.extranet.local',	'GEA/Dialog database cluster node',	'GUP831SQL02PSQLB',	'',	NULL,	'SQL 2005',	NULL,	'0000-00-00'),
(41,	0,	'gud2p835.extranet.local',	'Nimbus-IM database cluster node',	'GUP835SQL01PSQLA',	'',	NULL,	'SQL 2000',	NULL,	'0000-00-00'),
(42,	0,	'gud2p836.extranet.local',	'Nimbus-IM database cluster node',	'clusternode',	'',	NULL,	'SQL 2000',	NULL,	'0000-00-00'),
(43,	0,	'gud2a841.extranet.local',	'BBL server',	'GUD2A841ASQLA',	'',	NULL,	'SQL 2005',	NULL,	'0000-00-00'),
(44,	0,	'gud2a843.extranet.local',	'Cobi-T9 server',	'GUD2A843ASQLA',	'',	NULL,	'SQL 2000',	NULL,	'0000-00-00'),
(45,	0,	'gud2p861.extranet.local',	'BBL server',	'GUD2P861PSQLA',	'',	NULL,	'SQL 2005',	NULL,	'0000-00-00'),
(46,	0,	'gud2p863.extranet.local',	'Cobi-T9 server',	'GUD2P863PSQLA',	'',	NULL,	'SQL 2000',	NULL,	'0000-00-00'),
(47,	0,	'gud2p871.extranet.local',	'SAN management server',	'GUD2P871WEBESDB',	'',	NULL,	'SQL 2005',	NULL,	'0000-00-00'),
(48,	0,	'rbsma01.rb01.hp.record.intranet',	'application server',	'RBSMA01',	'',	NULL,	'SQL 2005',	NULL,	'0000-00-00'),
(49,	0,	'rbsma01.rb01.hp.record.intranet',	'application server',	'RBSMA01/WEBESDB',	'',	NULL,	'SQL 2005',	NULL,	'0000-00-00'),
(50,	0,	'rbsma02.rb01.hp.record.intranet',	'',	'RBSMA02',	'',	NULL,	'SQL 2000',	NULL,	'0000-00-00'),
(51,	0,	'rbsma02.rb01.hp.record.intranet',	'',	'RBSMA02WEBESDB',	'',	NULL,	'SQL 2005',	NULL,	'0000-00-00'),
(52,	0,	'rbwdcog1.rb01.hp.record.intranet',	'Domain Controller',	'RBWDCOG1',	'',	NULL,	'SQL 2000',	NULL,	'0000-00-00'),
(53,	0,	'rbwdmds1.net.int',	'CAPP',	'RBWDMDS1/CAPP',	'',	NULL,	'SQL 2005',	NULL,	'0000-00-00'),
(54,	0,	'rbwdmds2.net.int',	'CAPP',	'RBWDMDS2CAPP',	'',	NULL,	'SQL 2005',	NULL,	'0000-00-00'),
(55,	0,	'rbwdocg1.rb01.hp.record.intranet',	'SQL 2005 server hosting Sharepoint 2007 databases',	'RBWDOCG1',	'',	NULL,	'SQL 2005',	NULL,	'0000-00-00'),
(56,	0,	'rbwexdb1.net.int',	'',	'MSSQL.1 MSSQL INSTANCE',	'',	NULL,	'SQL 2005',	NULL,	'0000-00-00'),
(57,	0,	'rbwexdb1.net.int',	'',	'RBWEXDB1',	'',	NULL,	'SQL 2005',	NULL,	'0000-00-00'),
(58,	0,	'rbwexdg1.net.int',	'Sharepoint DB backend server',	'MSSQL.1 MSSQL INSTANCE',	'',	NULL,	'SQL 2005',	NULL,	'0000-00-00'),
(59,	0,	'rbwexdg1.net.int',	'Sharepoint DB backend server',	'RBWEXDG1',	'',	NULL,	'SQL 2005',	NULL,	'0000-00-00'),
(60,	0,	'rbwisao1.rb01.hp.record.intranet',	'ISA server',	'MSFW MSSQL INSTANCE',	'',	NULL,	'SQL 2000',	NULL,	'0000-00-00'),
(61,	0,	'rbworag2.rb01.hp.record.intranet',	'Oracle',	'RBWORAG2',	'',	NULL,	'SQL 2000',	NULL,	'0000-00-00'),
(62,	0,	'rbwpros1.net.int',	'Business Application',	'RBWPROS1/PROMOTE',	'',	NULL,	'SQL 2005',	NULL,	'0000-00-00'),
(63,	0,	'rbwpros2.net.int',	'',	'RBWPROS2/PROMOTE',	'',	NULL,	'SQL 2005',	NULL,	'0000-00-00'),
(113,	0,	'test',	'test',	'test',	'',	NULL,	'SQL 2000',	NULL,	'0000-00-00'),
(70,	0,	'rbwsdwa1.rb01.hp.record.intranet',	'Service desk',	'RBWSDWA1',	'',	NULL,	'SQL 2005',	NULL,	'0000-00-00'),
(71,	0,	'rbwsmss1.net.int',	'SMS and McAfee EPO',	'RBWSMSS1',	'',	NULL,	'SQL 2000',	NULL,	'0000-00-00'),
(72,	0,	'rbwvisg1.rb01.hp.record.intranet',	'Infrastructure - Backup Virtual Center SQL server',	'RBWVISG1',	'',	NULL,	'SQL 2005',	NULL,	'0000-00-00'),
(73,	0,	'rbwvisg2.rb01.hp.record.intranet',	'Infrastructure - Main Virtual Center SQL server',	'RBWVISG2',	'',	NULL,	'SQL 2005',	NULL,	'0000-00-00'),
(74,	0,	'rbwvivg2.rb01.hp.record.intranet',	'Infrastructure - Active Virtual Center server',	'RBWVIVG2',	'',	NULL,	'SQL 2005',	NULL,	'0000-00-00'),
(75,	0,	'rbwvivg2.rb01.hp.record.intranet',	'Infrastructure - Active Virtual Center server',	'RBWVIVG2/SQLEXPRESS',	'',	NULL,	'SQL 2005',	NULL,	'0000-00-00'),
(76,	0,	'rbwsdda1.rb01.hp.record.intranet',	'Service desk',	'RBWSDDA',	'',	NULL,	'SQL 2005',	NULL,	'0000-00-00'),
(77,	0,	'rbwsddg1.rb01.hp.record.intranet',	'Used to host servicedesk production database',	'RBWSDDG1',	'',	NULL,	'SQL 2005',	NULL,	'0000-00-00'),
(79,	0,	'guvmp555.gasunie.nl',	'Sharepoint databases',	'GUVMP555/PSQLA',	'',	NULL,	'SQL 2000',	NULL,	'0000-00-00'),
(88,	0,	'bezwvbfapp03.betafence.local',	'ITS APP & SRP  bugseye requisite catalog SRP',	'BEZWVBFAPP03',	'',	NULL,	'SQL 2000',	NULL,	'0000-00-00'),
(80,	0,	'rbwdbna1.net.int',	'Sharepoint databases Alfa',	'RBWDBNA1',	'',	NULL,	'SQL 2008',	NULL,	'0000-00-00'),
(83,	0,	'rbwdbnb1.net.int',	'Sharepoint databases Beta',	'RBWDBNB1',	'',	NULL,	'SQL 2008',	NULL,	'0000-00-00'),
(85,	0,	'rbwdbra1.rb01.hp.record.intranet',	'Sharepoint databases Alfa',	'RBWDBRA1',	'',	NULL,	'SQL 2008',	NULL,	'0000-00-00'),
(86,	0,	'rbwdbrb1.rb01.hp.record.intranet',	'Sharepoint databases Beta',	'RBWDBRB1',	'',	NULL,	'SQL 2008',	NULL,	'0000-00-00'),
(89,	0,	'bezwvbfapp03.betafence.local',	'ITS APP & SRP  bugseye requisite catalog SRP',	'BEZWVBFAPP03/MSSQLBUGSEYE',	'',	NULL,	'SQL 2000',	NULL,	'0000-00-00'),
(90,	0,	'bezwvbfapp03.betafence.local',	'ITS APP & SRP  bugseye requisite catalog SRP',	'MSSQLBUGSEYE/BUGSEYESCR',	'',	NULL,	'SQL 2000',	NULL,	'0000-00-00'),
(91,	0,	'bezwvbfweb01.betafence.local',	'',	'BEZWVBFWEB01',	'',	NULL,	'SQL 2000',	NULL,	'0000-00-00'),
(93,	0,	'bezwvbfweb02.betafence.local',	'',	'BEZWVBFWEB02',	'',	NULL,	'SQL 2000',	NULL,	'0000-00-00'),
(94,	0,	'bezwvbfweb02.betafence.local',	'',	'BEZWVBFWEB02/GLOBE$TEST',	'',	NULL,	'SQL 2000',	NULL,	'0000-00-00'),
(96,	0,	'gud1p556.gasunie.nl',	'DIS Application',	'GUD1P556/PSQLA',	'',	NULL,	'SQL 2008',	NULL,	'0000-00-00'),
(97,	0,	'rbwphoe1.rb01.hp.record.intranet',	'Database server',	'RBWPHOE1',	'',	NULL,	'SQL 2005',	NULL,	'0000-00-00'),
(103,	0,	'gud1a467.gasunie.nl',	'DIS',	'GUD1A467/ASQLA',	'',	NULL,	'SQL 2005',	NULL,	'0000-00-00'),
(104,	0,	'rbweasb1.rb01.hp.record.intranet',	'Sharepoint databases',	'RBWEASB1',	'',	NULL,	'SQL 2008',	NULL,	'0000-00-00'),
(106,	0,	'rbwdbng1.net.int',	'Sharepoint databases Gama',	'RBWDBNG1',	'',	NULL,	'SQL 2008',	NULL,	'0000-00-00'),
(107,	0,	'rbwdbrg1.rb01.hp.record.intranet',	'Sharepoint databases Gama',	'RBWDBRG1',	'',	NULL,	'SQL 2008',	NULL,	'0000-00-00'),
(111,	0,	'bezwvbfapp03.betafence.local',	'ITS APP & SRP bugseye requisite catalog SRP',	'BEZWVBFAPP03/SRC',	'',	NULL,	'SQL 2000',	NULL,	'2010-06-11'),
(114,	0,	'test',	'test',	'test',	'',	NULL,	'SQL 2000',	NULL,	'0000-00-00'),
(124,	0,	'defrasv-ldmssql.de.henkelgroup.net',	'Emulex',	'DEFRASV-LDMSSQL',	'',	NULL,	'SQL 2000',	NULL,	'2010-06-23'),
(125,	0,	'defrasv370.de.henkelgroup.net',	'Infoservice',	'DEFRASV370',	'',	NULL,	'SQL 2000',	NULL,	'2010-06-23'),
(159,	0,	'hfmdb002.ld.local',	'HFM',	'HFMDB002',	'',	NULL,	'SQL 2005',	NULL,	'2010-08-20'),
(123,	0,	'defrasv-hzxwsql.de.henkelgroup.net',	'Hazox SQL',	'DEFRASV-HZXWSQL/HZXWSQL',	'',	NULL,	'SQL 2005',	NULL,	'2010-06-23'),
(126,	0,	'defrasv380.de.henkelgroup.net',	'Web Services',	'DEFRASV380',	'',	NULL,	'SQL 2000',	NULL,	'2010-06-23'),
(127,	0,	'defrasv382.de.henkelgroup.net',	'Hyperion',	'DEFRASV382',	'',	NULL,	'SQL 2000',	NULL,	'2010-06-23'),
(128,	0,	'defrasv383.de.henkelgroup.net',	'Hyperion',	'DEFRASV383',	'',	NULL,	'SQL 2000',	NULL,	'2010-06-23'),
(129,	0,	'defrasvpass11.de.henkelgroup.net',	'PASS DB Server',	'DEFRASVPASSDB/MSSQLSERVER',	'',	NULL,	'SQL 2005',	NULL,	'2010-06-23'),
(130,	0,	'defrasvpass12.de.henkelgroup.net',	'PASS DB Server',	'DEFRASVPASSDB/MSSQLSERVER',	'',	NULL,	'SQL 2005',	NULL,	'2010-06-23'),
(131,	0,	'defrasvt370.de.henkelgroup.net',	'Infoservice Development',	'DEFRASVT370',	'',	NULL,	'SQL 2000',	NULL,	'2010-06-23'),
(132,	0,	'dehajsv-pcs01.de.henkelgroup.net',	'PCS',	'DEHAJSV-PCS01/PCS_SICHEL',	'',	NULL,	'SQL 2000',	NULL,	'2010-06-23'),
(135,	0,	'vandb002.ld.local',	'HFM SQL',	'VANDB004C',	'',	NULL,	'SQL 2000',	NULL,	'2010-06-25'),
(134,	0,	'defrasv380.de.henkelgroup.net',	'Web Services',	'DEFRASV380/PCHANNEL',	'',	NULL,	'SQL 2000',	NULL,	'2010-06-23'),
(136,	0,	'vansr006.ld.local',	'EPI server intranet DB',	'VANSR006/MSSQLSERVER2008',	'',	NULL,	'SQL 2008',	NULL,	'2010-06-25'),
(137,	0,	'vansr007.ld.local',	'EPI internet DB',	'VANSR007/MSSQLSERVER2008',	'',	NULL,	'SQL 2008',	NULL,	'2010-06-25'),
(138,	0,	'vansr010.ld.local',	'HFM SQL test/dev',	'VANSR010',	'',	NULL,	'SQL 2000',	NULL,	'2010-06-25'),
(139,	0,	'vansr023.ld.local',	'Opus Capita Banking, Twin Treasury',	'VANSR023',	'',	NULL,	'SQL 2005',	NULL,	'2010-06-25'),
(140,	0,	'w3kdhidg01.dcbern.ch',	'Customer Databases',	'IDG0',	'',	NULL,	'SQL 2005',	NULL,	'2010-06-29'),
(141,	0,	'w3kdhidg01.dcbern.ch',	'Customer Databases',	'W3KDHIDG01/IDG0',	'',	NULL,	'SQL 2005',	NULL,	'2010-06-29'),
(144,	0,	'rbwscms1.net.int',	'Sharepoint databases',	'RBWSCMS1',	'',	NULL,	'SQL 2008',	NULL,	'2010-07-01'),
(158,	0,	'hfmdb001.ld.local',	'HFM',	'HFMDB001',	'',	NULL,	'SQL 2005',	NULL,	'2010-08-20'),
(283,	0,	'gbswipsqldb01.global.rexam.net',	'SQL Server',	'GBSWIPSQLDB01',	'',	NULL,	'SQL 2005',	NULL,	'2011-01-21'),
(147,	0,	'gud2t536.gasunie.nl',	'Extranet Test server',	'GUD2T536/TSQLB',	'',	NULL,	'SQL 2005',	NULL,	'2010-08-05'),
(148,	0,	'gud2t536.gasunie.nl',	'Extranet Test server',	'GUD2T536/TSQLC',	'',	NULL,	'SQL 2005',	NULL,	'2010-08-05'),
(170,	0,	'gud2p439.gasunie.nl',	'ePO',	'GUD2P439',	'',	NULL,	'SQL 2005',	NULL,	'2010-10-12'),
(150,	0,	'guvmp535.gasunie.nl',	'Management',	'GUVMP535/PSQLA',	'',	NULL,	'SQL 2008',	NULL,	'2010-08-05'),
(151,	0,	'guvmp552.gasunie.nl',	'Business Application',	'GUVMP552/PSQLA',	'',	NULL,	'SQL 2005',	NULL,	'2010-08-05'),
(152,	0,	'guvmp884.extranet.local',	'Monitoring extranet',	'GUVMP884/PSQLA',	'',	NULL,	'SQL 2008',	NULL,	'2010-08-09'),
(153,	0,	'gud1a642.gasunie.nl',	'Business Application',	'GUD1A642/ASQLA',	'',	NULL,	'SQL 2008',	NULL,	'2010-08-09'),
(154,	0,	'guvmt568.gasunie.nl',	'SAP',	'GUVMT568/CMO',	'',	NULL,	'SQL 2008',	NULL,	'2010-08-09'),
(155,	0,	'guvmt568.gasunie.nl',	'SAP',	'GUVMT568/IMO',	'',	NULL,	'SQL 2005',	NULL,	'2010-08-09'),
(193,	0,	'RBWEASG1.rb01.hp.record.intranet',	'Gamma Server',	'RBWEASG1',	'',	NULL,	'SQL 2005',	NULL,	'2010-11-02'),
(157,	0,	'guvmt568.gasunie.nl',	'SAP',	'GUVMT568/MPO',	'',	NULL,	'SQL 2005',	NULL,	'2010-08-09'),
(161,	0,	'Test',	'Test',	'TEST',	'',	NULL,	'SQL 2005',	NULL,	'2010-08-24'),
(162,	0,	'defrasv-epromo2.de.henkelgroup.net',	'ePromo',	'DEFRASV-EPROMO2',	'',	NULL,	'SQL 2005',	NULL,	'2010-09-08'),
(163,	0,	'vanax002.ld.local',	'MS Dynamics AX test',	'VANAX002',	'',	NULL,	'SQL 2008',	NULL,	'2010-09-09'),
(164,	0,	'guvmt571.gasunie.nl',	'Business Application',	'GUVMT571/TSQLA',	'',	NULL,	'SQL 2008',	NULL,	'2010-09-23'),
(165,	0,	'guvmt571.gasunie.nl',	'Business Application',	'GUVMT571/TSQLB',	'',	NULL,	'SQL 2008',	NULL,	'2010-09-23'),
(166,	0,	'gud1p434.gasunie.nl',	'ePO',	'GUD1P434/PSQLA',	'',	NULL,	'SQL 2005',	NULL,	'2010-09-24'),
(167,	0,	'gud1p501.gasunie.nl',	'ISA',	'MSFW MSSQL INSTANCE',	'',	NULL,	'SQL 2000',	NULL,	'2010-09-24'),
(168,	0,	'gud2p505.gasunie.nl',	'BizTalk 2004 SQL (MSC) node',	'GUP505QA/PSQLA',	'',	NULL,	'SQL 2000',	NULL,	'2010-09-24'),
(171,	0,	'gud1p540.gasunie.nl',	'Print cluster node (Safecom)',	'GUP540CL04/PSQLA',	'',	NULL,	'SQL 2005',	NULL,	'2010-10-13'),
(173,	0,	'guvmt572.gasunie.nl',	'Test',	'GUVMT572/CMT',	'',	NULL,	'SQL 2008',	NULL,	'2010-10-13'),
(174,	0,	'guvmt572.gasunie.nl',	'Test',	'GUVMT572/IMT',	'',	NULL,	'SQL 2008',	NULL,	'2010-10-13'),
(177,	0,	'vandb001.ld.local',	'HFM SQL cluster node',	'VANDB004C',	'',	NULL,	'SQL 2005',	NULL,	'2010-10-13'),
(176,	0,	'guvmt572.gasunie.nl',	'Test',	'GUVMT572/MPT',	'',	NULL,	'SQL 2008',	NULL,	'2010-10-13'),
(192,	0,	'gud2a621.gasunie.nl',	'Biztalk 2006 SQL Tracking node',	'GUA621SQL01/ASQLA',	'',	NULL,	'SQL 2005',	NULL,	'2010-10-21'),
(190,	0,	'gud2p864.extranet.local',	'Business Application',	'GUP864SQL01/PSQLA',	'',	NULL,	'SQL 2008',	NULL,	'2010-10-20'),
(191,	0,	'test',	'',	'',	'',	NULL,	'SQL 2005',	NULL,	'2010-10-20'),
(189,	0,	'gud1p864.extranet.local',	'Business Application',	'GUP864SQL01/PSQLA',	'',	NULL,	'SQL 2008',	NULL,	'2010-10-20'),
(194,	0,	'test',	'dddd',	'TEST',	'',	NULL,	'SQL 2005',	NULL,	'2010-11-02'),
(195,	0,	'test',	'dddd',	'TEST',	'',	NULL,	'SQL 2005',	NULL,	'2010-11-02'),
(196,	0,	'Test.test',	'test',	'DDD',	'',	NULL,	'SQL 2005',	NULL,	'2010-11-02'),
(199,	0,	'tes2.text',	'fsfsfsd',	'FSDFSDFDS',	'',	NULL,	'SQL 2005',	NULL,	'2010-11-02'),
(200,	0,	'test3.text',	'fsdfsdfsd',	'FSFDS',	'',	NULL,	'SQL 2005',	NULL,	'2010-11-02'),
(201,	0,	'test3.text',	'fsfsfsd',	'FSDFSDFDS',	'',	NULL,	'SQL 2005',	NULL,	'2010-11-02'),
(202,	0,	'vansr007.ld.local',	'Epi DB',	'VANSR007',	'',	NULL,	'SQL 2000',	NULL,	'2010-11-04'),
(203,	0,	'defrasv-imed01.de.henkelgroup.net',	'ISISmed',	'DEFRASV-IMED01',	'',	NULL,	'SQL 2008',	NULL,	'2010-11-08'),
(215,	0,	'gud2a844.extranet.local',	'Business Application',	'GUA844SQL01ASQLA',	'',	NULL,	'SQL 2005',	NULL,	'2010-11-15'),
(216,	0,	'test',	'test',	'TEST1',	'',	NULL,	'SQL 2005',	NULL,	'2010-11-15'),
(217,	0,	'test',	'test',	'TEST1',	'',	NULL,	'SQL 2005',	NULL,	'2010-11-15'),
(218,	0,	'test3.text',	'fsfsfsd',	'FSDFSDFDS',	'',	NULL,	'SQL 2005',	NULL,	'2010-11-16'),
(219,	0,	'GUVMP663.gasunie.nl',	'BIB TFS SQL server',	'GUVMP663/PSQLA',	'',	NULL,	'SQL 2008',	NULL,	'2010-11-23'),
(278,	0,	'guvmo497.gasunie.nl',	'Business Application',	'GUVMO497',	'',	NULL,	'SQL 2005',	NULL,	'2011-01-19'),
(280,	0,	'gud2p660.gasunie.nl',	'Business Application	',	'GUP660SQL01/PSQLA',	'',	NULL,	'SQL 2008',	NULL,	'2011-01-21'),
(282,	0,	'gud1p660.gasunie.nl',	'Business Application',	'GUP660SQL02/PSQLB',	'',	NULL,	'SQL 2008',	NULL,	'2011-01-21'),
(277,	0,	'goeapdb06.kworld.kpmg.com',	'Amdocs Database cluster',	'GOEAPDB08',	'',	NULL,	'SQL 2005',	NULL,	'2011-01-17'),
(276,	0,	'goeapdb05.kworld.kpmg.com',	'Amdocs DB Cluster - Production environment',	'GOEAPDB07PROD',	'',	NULL,	'SQL 2005',	NULL,	'2011-01-17'),
(275,	0,	'gbswidsqldb01.global.rexam.net',	'QAS Citrix',	'GBSWIDSQLDB01',	'',	NULL,	'SQL 2005',	NULL,	'2011-01-17'),
(273,	0,	'gud1p556.gasunie.nl',	'',	'GUD1P556/PSQLB',	'',	NULL,	'SQL 2008',	NULL,	'2010-12-29'),
(274,	0,	'GUVMT560.gasunie.nl',	'Business Application',	'GUVMT560/TSQLA',	'',	NULL,	'SQL 2005',	NULL,	'2010-12-29'),
(270,	0,	'test1.test',	'fsfsfsd',	'TEST1',	'',	NULL,	'SQL 2005',	NULL,	'2010-12-08'),
(271,	0,	'gud1a467.gasunie.nl',	'',	'GUD1A467/ASQLB',	'',	NULL,	'SQL 2008',	NULL,	'2010-12-29'),
(286,	230,	'husbtsdb11.hus.fi',	'',	'HUSBTSDBSQL02\\SQLINST2',	'1',	'2',	'10.50.1600.1',	'',	'2014-05-14'),
(285,	224,	'helmeidb54.hus.fi',	'HUS shared SQL',	'HUSSQL2PROD1\\HUSSQL2PROD1',	'1',	'2',	'10.50.1600.1',	'',	'2014-05-13'),
(287,	230,	'husbtsdb11.hus.fi',	'',	'HUSBTSDBSQL02\\SQLINST2',	'1',	'2',	'10.50.1600.1',	'',	'2014-05-14'),
(288,	229,	'husbtsdb10.hus.fi',	'',	'HUSBTSDBSQL01\\SQLINST1',	'1',	'2',	'10.50.1600.1',	'',	'2014-05-14'),
(289,	229,	'husbtsdb10.hus.fi',	'',	'HUSBTSDBSQL02\\SQLINST2',	'1',	'2',	'10.50.1600.1',	'',	'2014-05-14'),
(291,	231,	'husbtsdb12.hus.fi',	'HUS shared SQL',	'HUSBTSDBSQL01\\SQLINST1',	'1',	'2',	'10.50.1600.1',	'',	'2014-05-14'),
(292,	231,	'husbtsdb12.hus.fi',	'BizTalk',	'HUSBTSDBSQL02\\SQLINST2',	'1',	'2',	'10.50.1600.1',	'',	'2014-05-14'),
(293,	235,	'cchelidb2.elisanam.nam',	'',	'CCHELIDBVS1\\CIMDBINS1',	'1',	'2',	'10.50.4000.0',	'',	'2014-05-21'),
(294,	242,	'sps2010prod.palvelu.hus.fi',	'MOSS SQL cluster',	'SPS2010PROD\\SPS2010PROD',	'1',	'2',	'10.50.1600.1',	'',	'2014-06-11'),
(295,	243,	'husbtsdb98.hus.fi',	'BizTalk test',	'HUSBTS-CSSQL98\\INSTB',	'1',	'2',	'9.00.5000.00',	'',	'2014-07-28'),
(296,	243,	'husbtsdb98.hus.fi',	'BizTalk test',	'HUSBTS-CSSQL99\\INSTA',	'1',	'2',	'9.00.5000.00',	'',	'2014-07-28'),
(297,	244,	'duss0727.gsa.westlb.net',	'',	'DUSS0727',	'1',	'2',	'9.00.3080.00',	'',	'2014-08-27'),
(298,	245,	'mvcwebdb01.metrovacesa.hpecs.net',	'DMZ SQL Server',	'MVCWEBDB01\\MVCDMZ',	'1',	'2',	'9.00.5069.00',	'',	'2014-09-10'),
(299,	246,	'mvcsqlcluster.metrovacesa.es',	'Intranet, BES and Sharepoint databases',	'MVCSQLCLUSTER\\MVC',	'1',	'2',	'9.00.5069.00',	'',	'2014-09-10'),
(300,	248,	'mvcsql01.metrovacesa.hpecs.net',	'mix of applications',	'MVCSQLCLUSTER\\MVC',	'1',	'2',	'10.50.4000.0',	'',	'2014-10-08');

DROP TABLE IF EXISTS `tblserver_notes`;
CREATE TABLE `tblserver_notes` (
  `id` int(5) NOT NULL AUTO_INCREMENT,
  `server_id` int(11) NOT NULL,
  `server_name` varchar(100) COLLATE utf8_slovak_ci DEFAULT NULL,
  `note` text CHARACTER SET utf8,
  `date_created` datetime DEFAULT NULL,
  PRIMARY KEY (`id`)
) ENGINE=InnoDB DEFAULT CHARSET=utf8 COLLATE=utf8_slovak_ci;

INSERT INTO `tblserver_notes` (`id`, `server_id`, `server_name`, `note`, `date_created`) VALUES
(6,	88,	'bezwvbfapp03.betafence.local',	'test',	'2014-02-02 10:02:55'),
(7,	88,	'bezwvbfapp03.betafence.local',	'dalsi test',	'2014-02-02 10:02:07'),
(8,	88,	'bezwvbfapp03.betafence.local',	'dalsi test',	'2014-02-02 10:02:04'),
(9,	224,	'helmeidb54.hus.fi',	'spid22s     Error: 9001, Severity: 21, State: 1.   The log for database \'Pol_Dialyysi\' is not available. Check the event log for related error messages. Resolve any errors and restart the database.',	'2014-05-13 09:05:59'),
(10,	235,	'cchelidb2.elisanam.nam',	'tam problem s utilizaciou pamate. fyzicka je pouzita skoro secka SQLkom na tom serveri\r\nje to inak cluster node mohol by si mi ty pozriet co sa s tym da spravit, alebo mi das meno na niekoho?ci to sqlko volako leakuje alebo ci sa to tam da nejako optimalizovat, aby nezralo secku pamat.',	'2014-05-21 09:05:19'),
(11,	235,	'cchelidb2.elisanam.nam',	'nemam pristup do domeny',	'2014-05-22 10:05:28'),
(12,	243,	'husbtsdb98.hus.fi',	'SWS Problem Ticket for Server husbtsdb98.hus.fi / E-IM013721454',	'2014-07-28 10:07:54'),
(13,	243,	'husbtsdb98.hus.fi',	'there is problem with drive V:  that needs to be extended ',	'2014-07-29 11:07:02'),
(14,	243,	'husbtsdb98.hus.fi',	'because i cannot change the size of the logs I have asked platform guys for disk extension.',	'2014-07-29 12:07:14'),
(15,	244,	'duss0727.gsa.westlb.net',	'E2-IM003106108 - duss0727.gsa.westlb.net - AUTOMATIC SERVICE(S): SQL SERVER (MSSQLSERVER), SQL SERVER-AGENT (MSSQLSERVER), not running',	'2014-08-27 12:08:15'),
(16,	250,	'',	'both the cluster has been migrated from operating system point for view  (Win 2003 to Win 2008 R2) and database point of view from MSSQL 2005 to MSSQL 2008 R2',	'2014-10-08 14:10:20'),
(17,	250,	'mvcsql02.metrovacesa.hpecs.net',	'i am installing a new SQL server instance with name SPS to host Sharepoint databases',	'2014-10-08 14:10:40');

DROP TABLE IF EXISTS `uzivatele`;
CREATE TABLE `uzivatele` (
  `id` int(5) NOT NULL AUTO_INCREMENT,
  `login` varchar(40) NOT NULL,
  `heslo` varchar(32) NOT NULL,
  `email` varchar(50) NOT NULL,
  PRIMARY KEY (`id`)
) ENGINE=MyISAM DEFAULT CHARSET=utf8;

INSERT INTO `uzivatele` (`id`, `login`, `heslo`, `email`) VALUES
(1,	'admin',	'21232f297a57a5a743894a0e4a801fc3',	'tmisura@gmail.com');

-- 2014-10-08 20:27:14
